,Commodity Name,City Name,Package,Variety,Sub Variety,Date,Low Price,High Price,Mostly Low,Mostly High,Origin,Origin District,Item Size,Color,Unit of Sale,Repack
0,PUMPKINS,BALTIMORE,24 inch bins,,,04/29/2017,270,280.0,270,280.0,,,lge,,Undefined,E
1,PUMPKINS,BALTIMORE,24 inch bins,,,05/06/2017,270,280.0,270,280.0,,,lge,,Undefined,E
2,PUMPKINS,BALTIMORE,24 inch bins,HOWDEN TYPE,,09/24/2016,160,160.0,160,160.0,DELAWARE,,med,,Undefined,N
3,PUMPKINS,BALTIMORE,24 inch bins,HOWDEN TYPE,,09/24/2016,160,160.0,160,160.0,VIRGINIA,,med,,Undefined,N
4,PUMPKINS,BALTIMORE,24 inch bins,HOWDEN TYPE,,11/05/2016,90,100.0,90,100.0,MARYLAND,,lge,,Undefined,N
5,PUMPKINS,BALTIMORE,24 inch bins,HOWDEN TYPE,,11/12/2016,90,100.0,90,100.0,MARYLAND,,lge,,Undefined,N
6,PUMPKINS,BALTIMORE,36 inch bins,HOWDEN TYPE,,09/24/2016,160,170.0,160,170.0,MARYLAND,,med,,Undefined,N
7,PUMPKINS,BALTIMORE,36 inch bins,HOWDEN TYPE,,09/24/2016,160,160.0,160,160.0,PENNSYLVANIA,,lge,,Undefined,N
8,PUMPKINS,BALTIMORE,36 inch bins,HOWDEN TYPE,,10/01/2016,160,170.0,160,170.0,MARYLAND,,med,,Undefined,N
9,PUMPKINS,BALTIMORE,36 inch bins,HOWDEN TYPE,,10/01/2016,160,160.0,160,160.0,PENNSYLVANIA,,lge,,Undefined,N
10,PUMPKINS,BALTIMORE,36 inch bins,HOWDEN TYPE,,10/08/2016,160,170.0,160,170.0,MARYLAND,,med,,Undefined,N
11,PUMPKINS,BALTIMORE,36 inch bins,HOWDEN TYPE,,10/08/2016,160,160.0,160,160.0,PENNSYLVANIA,,lge,,Undefined,N
12,PUMPKINS,BALTIMORE,36 inch bins,HOWDEN TYPE,,10/15/2016,150,160.0,150,160.0,MARYLAND,,lge,,Undefined,N
13,PUMPKINS,BALTIMORE,36 inch bins,HOWDEN TYPE,,10/15/2016,150,170.0,150,170.0,MARYLAND,,med,,Undefined,N
14,PUMPKINS,BALTIMORE,36 inch bins,HOWDEN TYPE,,10/22/2016,150,160.0,150,160.0,MARYLAND,,lge,,Undefined,N
15,PUMPKINS,BALTIMORE,36 inch bins,HOWDEN TYPE,,10/22/2016,140,160.0,140,160.0,MARYLAND,,med,,Undefined,N
16,PUMPKINS,BALTIMORE,36 inch bins,HOWDEN TYPE,,10/29/2016,100,160.0,100,160.0,MARYLAND,,lge,,Undefined,N
17,PUMPKINS,BALTIMORE,36 inch bins,HOWDEN TYPE,,10/29/2016,130,160.0,130,160.0,MARYLAND,,med,,Undefined,N
18,PUMPKINS,BALTIMORE,36 inch bins,HOWDEN TYPE,,10/29/2016,130,130.0,130,130.0,MARYLAND,,sml,,Undefined,N
19,PUMPKINS,BALTIMORE,36 inch bins,HOWDEN TYPE,,11/05/2016,120,130.0,120,130.0,MARYLAND,,xlge,,Undefined,N
20,PUMPKINS,BALTIMORE,36 inch bins,HOWDEN TYPE,,11/05/2016,100,130.0,100,130.0,MARYLAND,,lge,,Undefined,N
21,PUMPKINS,BALTIMORE,36 inch bins,HOWDEN TYPE,,11/05/2016,90,100.0,90,100.0,MARYLAND,,med,,Undefined,N
22,PUMPKINS,BALTIMORE,36 inch bins,HOWDEN TYPE,,11/12/2016,100,120.0,100,100.0,MARYLAND,,lge,,Undefined,N
23,PUMPKINS,BALTIMORE,36 inch bins,HOWDEN TYPE,,09/16/2017,160,160.0,160,160.0,MARYLAND,,med-lge,ORANGE,Undefined,N
24,PUMPKINS,BALTIMORE,36 inch bins,HOWDEN TYPE,,09/23/2017,160,160.0,160,160.0,MARYLAND,,med-lge,ORANGE,Undefined,N
25,PUMPKINS,BALTIMORE,36 inch bins,HOWDEN TYPE,,09/30/2017,150,160.0,150,160.0,MARYLAND,,lge,ORANGE,Undefined,N
26,PUMPKINS,BALTIMORE,36 inch bins,HOWDEN TYPE,,09/30/2017,150,160.0,150,160.0,MARYLAND,,med-lge,ORANGE,Undefined,N
27,PUMPKINS,BALTIMORE,24 inch bins,HOWDEN WHITE TYPE,,09/23/2017,160,180.0,160,180.0,MARYLAND,,med,,Undefined,N
28,PUMPKINS,BALTIMORE,24 inch bins,HOWDEN WHITE TYPE,,09/30/2017,180,180.0,180,180.0,MARYLAND,,med,,Undefined,N
29,PUMPKINS,BALTIMORE,24 inch bins,CINDERELLA,,06/03/2017,380,380.0,380,380.0,,,xlge,,Undefined,E
30,PUMPKINS,BALTIMORE,24 inch bins,CINDERELLA,,06/10/2017,380,380.0,380,380.0,,,xlge,,Undefined,E
31,PUMPKINS,BALTIMORE,24 inch bins,CINDERELLA,,06/17/2017,380,380.0,380,380.0,,,xlge,,Undefined,E
32,PUMPKINS,BALTIMORE,24 inch bins,CINDERELLA,,08/19/2017,200,200.0,200,200.0,MEXICO,,xlge,,Undefined,N
33,PUMPKINS,BALTIMORE,24 inch bins,CINDERELLA,,08/26/2017,200,350.0,200,350.0,MEXICO,,xlge,,Undefined,N
34,PUMPKINS,BALTIMORE,24 inch bins,CINDERELLA,,09/02/2017,350,350.0,350,350.0,MEXICO,,xlge,,Undefined,N
35,PUMPKINS,BALTIMORE,24 inch bins,CINDERELLA,,09/09/2017,180,180.0,180,180.0,MARYLAND,,xlge,,Undefined,N
36,PUMPKINS,BALTIMORE,24 inch bins,CINDERELLA,,09/09/2017,200,200.0,200,200.0,VIRGINIA,,xlge,,Undefined,N
37,PUMPKINS,BALTIMORE,24 inch bins,CINDERELLA,,09/16/2017,180,200.0,180,200.0,MARYLAND,,xlge,,Undefined,N
38,PUMPKINS,BALTIMORE,24 inch bins,CINDERELLA,,09/16/2017,180,200.0,180,200.0,VIRGINIA,,xlge,,Undefined,N
39,PUMPKINS,BALTIMORE,24 inch bins,CINDERELLA,,09/23/2017,340,340.0,340,340.0,MARYLAND,,jbo,,Undefined,N
40,PUMPKINS,BALTIMORE,24 inch bins,CINDERELLA,,09/23/2017,240,250.0,240,250.0,MARYLAND,,xlge,,Undefined,N
41,PUMPKINS,BALTIMORE,24 inch bins,CINDERELLA,,09/23/2017,200,200.0,200,200.0,VIRGINIA,,xlge,,Undefined,N
42,PUMPKINS,BALTIMORE,24 inch bins,CINDERELLA,,09/30/2017,340,340.0,340,340.0,MARYLAND,,jbo,,Undefined,N
43,PUMPKINS,BALTIMORE,24 inch bins,CINDERELLA,,09/30/2017,240,250.0,240,250.0,MARYLAND,,xlge,,Undefined,N
44,PUMPKINS,BALTIMORE,24 inch bins,CINDERELLA,,09/30/2017,180,200.0,180,200.0,VIRGINIA,,xlge,,Undefined,N
45,PUMPKINS,BALTIMORE,50 lb sacks,CINDERELLA,,08/12/2017,29,29.0,29,29.0,COSTA RICA,,lge,,Undefined,N
46,PUMPKINS,BALTIMORE,50 lb sacks,CINDERELLA,,08/12/2017,29,29.0,29,29.0,MEXICO,,lge,,Undefined,N
47,PUMPKINS,BALTIMORE,50 lb sacks,CINDERELLA,,08/19/2017,28,29.0,28,29.0,COSTA RICA,,lge,,Undefined,N
48,PUMPKINS,BALTIMORE,50 lb sacks,CINDERELLA,,08/26/2017,28,29.0,28,29.0,COSTA RICA,,lge,,Undefined,N
49,PUMPKINS,BALTIMORE,50 lb sacks,CINDERELLA,,08/26/2017,29,29.0,29,29.0,FLORIDA,,med,,Undefined,N
50,PUMPKINS,BALTIMORE,50 lb sacks,CINDERELLA,,09/02/2017,29,29.0,29,29.0,FLORIDA,,med,,Undefined,N
51,PUMPKINS,BALTIMORE,50 lb sacks,CINDERELLA,,09/09/2017,15,15.0,15,15.0,VIRGINIA,,lge,,Undefined,N
52,PUMPKINS,BALTIMORE,50 lb sacks,CINDERELLA,,09/16/2017,24,24.0,24,24.0,MEXICO,,lge,,Undefined,N
53,PUMPKINS,BALTIMORE,50 lb sacks,CINDERELLA,,09/16/2017,15,15.0,15,15.0,VIRGINIA,,lge,,Undefined,N
54,PUMPKINS,BALTIMORE,24 inch bins,FAIRYTALE,,09/24/2016,250,260.0,250,260.0,MARYLAND,,xlge,,Undefined,N
55,PUMPKINS,BALTIMORE,24 inch bins,FAIRYTALE,,09/24/2016,250,260.0,250,260.0,VIRGINIA,,xlge,,Undefined,N
56,PUMPKINS,BALTIMORE,24 inch bins,FAIRYTALE,,10/01/2016,250,260.0,250,260.0,MARYLAND,,xlge,,Undefined,N
57,PUMPKINS,BALTIMORE,24 inch bins,FAIRYTALE,,10/01/2016,250,260.0,250,260.0,VIRGINIA,,xlge,,Undefined,N
58,PUMPKINS,BALTIMORE,24 inch bins,FAIRYTALE,,10/08/2016,235,260.0,235,260.0,MARYLAND,,xlge,,Undefined,N
59,PUMPKINS,BALTIMORE,24 inch bins,FAIRYTALE,,10/08/2016,250,260.0,250,260.0,VIRGINIA,,xlge,,Undefined,N
60,PUMPKINS,BALTIMORE,24 inch bins,FAIRYTALE,,10/15/2016,235,250.0,235,250.0,MARYLAND,,xlge,,Undefined,N
61,PUMPKINS,BALTIMORE,24 inch bins,FAIRYTALE,,10/22/2016,230,240.0,230,240.0,MARYLAND,,xlge,,Undefined,N
62,PUMPKINS,BALTIMORE,24 inch bins,FAIRYTALE,,10/29/2016,220,240.0,220,230.0,MARYLAND,,xlge,,Undefined,N
63,PUMPKINS,BALTIMORE,24 inch bins,FAIRYTALE,,10/29/2016,230,230.0,230,230.0,VIRGINIA,,xlge,,Undefined,N
64,PUMPKINS,BALTIMORE,24 inch bins,FAIRYTALE,,11/05/2016,200,230.0,200,230.0,MARYLAND,,xlge,,Undefined,N
65,PUMPKINS,BALTIMORE,24 inch bins,FAIRYTALE,,11/05/2016,200,230.0,200,230.0,VIRGINIA,,xlge,,Undefined,N
66,PUMPKINS,BALTIMORE,24 inch bins,FAIRYTALE,,11/12/2016,200,200.0,200,200.0,MARYLAND,,xlge,,Undefined,N
67,PUMPKINS,BALTIMORE,24 inch bins,FAIRYTALE,,11/19/2016,200,200.0,200,200.0,MARYLAND,,xlge,,Undefined,N
68,PUMPKINS,BALTIMORE,24 inch bins,FAIRYTALE,,11/19/2016,200,230.0,200,230.0,VIRGINIA,,xlge,,Undefined,N
69,PUMPKINS,BALTIMORE,24 inch bins,FAIRYTALE,,11/26/2016,210,210.0,210,210.0,VIRGINIA,,xlge,,Undefined,N
70,PUMPKINS,BALTIMORE,1 1/9 bushel cartons,PIE TYPE,,09/24/2016,15,15.0,15,15.0,DELAWARE,,med,,Undefined,N
71,PUMPKINS,BALTIMORE,1 1/9 bushel cartons,PIE TYPE,,09/24/2016,18,18.0,18,18.0,DELAWARE,,sml,,Undefined,N
72,PUMPKINS,BALTIMORE,1 1/9 bushel cartons,PIE TYPE,,10/01/2016,18,18.0,18,18.0,DELAWARE,,sml,,Undefined,N
73,PUMPKINS,BALTIMORE,1 1/9 bushel cartons,PIE TYPE,,10/01/2016,17,17.0,17,17.0,OHIO,,med,,Undefined,N
74,PUMPKINS,BALTIMORE,1 1/9 bushel cartons,PIE TYPE,,10/08/2016,15,15.0,15,15.0,DELAWARE,,,,Undefined,N
75,PUMPKINS,BALTIMORE,1 1/9 bushel cartons,PIE TYPE,,10/08/2016,18,18.0,18,18.0,DELAWARE,,sml,,Undefined,N
76,PUMPKINS,BALTIMORE,1 1/9 bushel cartons,PIE TYPE,,10/08/2016,17,17.0,17,17.0,OHIO,,med,,Undefined,N
77,PUMPKINS,BALTIMORE,1 1/9 bushel cartons,PIE TYPE,,10/08/2016,17,18.5,17,18.5,PENNSYLVANIA,,,,Undefined,N
78,PUMPKINS,BALTIMORE,1 1/9 bushel cartons,PIE TYPE,,10/15/2016,15,15.0,15,15.0,DELAWARE,,,,Undefined,N
79,PUMPKINS,BALTIMORE,1 1/9 bushel cartons,PIE TYPE,,10/15/2016,17,17.0,17,17.0,OHIO,,med,,Undefined,N
80,PUMPKINS,BALTIMORE,1 1/9 bushel cartons,PIE TYPE,,10/15/2016,17,18.5,17,18.5,PENNSYLVANIA,,,,Undefined,N
81,PUMPKINS,BALTIMORE,1 1/9 bushel cartons,PIE TYPE,,10/22/2016,15,15.0,15,15.0,DELAWARE,,,,Undefined,N
82,PUMPKINS,BALTIMORE,1 1/9 bushel cartons,PIE TYPE,,10/22/2016,17,17.0,17,17.0,OHIO,,med,,Undefined,N
83,PUMPKINS,BALTIMORE,1 1/9 bushel cartons,PIE TYPE,,10/22/2016,17,18.5,17,18.5,PENNSYLVANIA,,,,Undefined,N
84,PUMPKINS,BALTIMORE,1 1/9 bushel cartons,PIE TYPE,,10/29/2016,15,15.0,15,15.0,DELAWARE,,,,Undefined,N
85,PUMPKINS,BALTIMORE,1 1/9 bushel cartons,PIE TYPE,,10/29/2016,16,17.0,16,17.0,OHIO,,med,,Undefined,N
86,PUMPKINS,BALTIMORE,1 1/9 bushel cartons,PIE TYPE,,10/29/2016,16,18.0,16,18.0,PENNSYLVANIA,,,,Undefined,N
87,PUMPKINS,BALTIMORE,1 1/9 bushel cartons,PIE TYPE,,09/16/2017,18,18.0,18,18.0,MARYLAND,,med,ORANGE,Undefined,N
88,PUMPKINS,BALTIMORE,1 1/9 bushel cartons,PIE TYPE,,09/23/2017,16,16.0,16,16.0,DELAWARE,,med,ORANGE,Undefined,N
89,PUMPKINS,BALTIMORE,1 1/9 bushel cartons,PIE TYPE,,09/23/2017,18,18.0,18,18.0,MARYLAND,,med,ORANGE,Undefined,N
90,PUMPKINS,BALTIMORE,1 1/9 bushel cartons,PIE TYPE,,09/23/2017,16,16.0,16,16.0,PENNSYLVANIA,,med,ORANGE,Undefined,N
91,PUMPKINS,BALTIMORE,1 1/9 bushel cartons,PIE TYPE,,09/30/2017,16,16.0,16,16.0,DELAWARE,,med,ORANGE,Undefined,N
92,PUMPKINS,BALTIMORE,1 1/9 bushel cartons,PIE TYPE,,09/30/2017,16,16.0,16,16.0,PENNSYLVANIA,,med,ORANGE,Undefined,N
93,PUMPKINS,BALTIMORE,24 inch bins,PIE TYPE,,09/24/2016,160,160.0,160,160.0,VIRGINIA,,sml,,Undefined,N
94,PUMPKINS,BALTIMORE,24 inch bins,PIE TYPE,,09/23/2017,200,200.0,200,200.0,MARYLAND,,sml,ORANGE,Undefined,N
95,PUMPKINS,BALTIMORE,24 inch bins,PIE TYPE,,09/30/2017,190,200.0,190,200.0,MARYLAND,,sml,ORANGE,Undefined,N
96,PUMPKINS,BALTIMORE,24 inch bins,BIG MACK TYPE,,09/24/2016,50,60.0,50,60.0,MARYLAND,,,WHITE,EACH,N
97,PUMPKINS,BALTIMORE,24 inch bins,BIG MACK TYPE,,09/24/2016,50,60.0,50,60.0,MARYLAND,,,,EACH,N
98,PUMPKINS,BALTIMORE,24 inch bins,BIG MACK TYPE,,09/24/2016,50,60.0,50,60.0,VIRGINIA,,,,EACH,N
99,PUMPKINS,BALTIMORE,24 inch bins,BIG MACK TYPE,,10/01/2016,50,60.0,50,60.0,MARYLAND,,,,EACH,N
100,PUMPKINS,BALTIMORE,24 inch bins,BIG MACK TYPE,,10/01/2016,50,60.0,50,60.0,MARYLAND,,,WHITE,EACH,N
101,PUMPKINS,BALTIMORE,24 inch bins,BIG MACK TYPE,,10/01/2016,50,60.0,50,60.0,VIRGINIA,,,,EACH,N
102,PUMPKINS,BALTIMORE,24 inch bins,BIG MACK TYPE,,10/08/2016,50,60.0,50,60.0,MARYLAND,,,,EACH,N
103,PUMPKINS,BALTIMORE,24 inch bins,BIG MACK TYPE,,10/08/2016,50,60.0,50,60.0,MARYLAND,,,WHITE,EACH,N
104,PUMPKINS,BALTIMORE,24 inch bins,BIG MACK TYPE,,10/08/2016,50,60.0,50,60.0,MARYLAND,,jbo,,EACH,N
105,PUMPKINS,BALTIMORE,24 inch bins,BIG MACK TYPE,,10/08/2016,40,60.0,40,60.0,MARYLAND,,lge,WHITE,EACH,N
106,PUMPKINS,BALTIMORE,24 inch bins,BIG MACK TYPE,,10/08/2016,40,60.0,40,60.0,MARYLAND,,med,WHITE,EACH,N
107,PUMPKINS,BALTIMORE,24 inch bins,BIG MACK TYPE,,10/08/2016,50,60.0,50,60.0,VIRGINIA,,,,EACH,N
108,PUMPKINS,BALTIMORE,24 inch bins,BIG MACK TYPE,,10/08/2016,50,60.0,50,60.0,VIRGINIA,,jbo,,EACH,N
109,PUMPKINS,BALTIMORE,24 inch bins,BIG MACK TYPE,,10/15/2016,50,60.0,50,60.0,MARYLAND,,jbo,,EACH,N
110,PUMPKINS,BALTIMORE,24 inch bins,BIG MACK TYPE,,10/15/2016,40,60.0,40,60.0,MARYLAND,,lge,WHITE,EACH,N
111,PUMPKINS,BALTIMORE,24 inch bins,BIG MACK TYPE,,10/15/2016,40,60.0,40,60.0,MARYLAND,,med,WHITE,EACH,N
112,PUMPKINS,BALTIMORE,24 inch bins,BIG MACK TYPE,,10/15/2016,50,60.0,50,60.0,VIRGINIA,,jbo,,EACH,N
113,PUMPKINS,BALTIMORE,24 inch bins,BIG MACK TYPE,,10/22/2016,50,60.0,50,60.0,MARYLAND,,jbo,,EACH,N
114,PUMPKINS,BALTIMORE,24 inch bins,BIG MACK TYPE,,10/22/2016,40,60.0,40,60.0,MARYLAND,,lge,WHITE,EACH,N
115,PUMPKINS,BALTIMORE,24 inch bins,BIG MACK TYPE,,10/22/2016,50,60.0,50,60.0,VIRGINIA,,jbo,,EACH,N
116,PUMPKINS,BALTIMORE,24 inch bins,BIG MACK TYPE,,10/29/2016,50,60.0,50,60.0,MARYLAND,,jbo,,EACH,N
117,PUMPKINS,BALTIMORE,24 inch bins,BIG MACK TYPE,,10/29/2016,50,60.0,50,60.0,VIRGINIA,,jbo,,EACH,N
118,PUMPKINS,BALTIMORE,24 inch bins,BIG MACK TYPE,,09/23/2017,50,50.0,50,50.0,MARYLAND,,jbo,,EACH,N
119,PUMPKINS,BALTIMORE,24 inch bins,BIG MACK TYPE,,09/30/2017,50,50.0,50,50.0,MARYLAND,,jbo,,EACH,N
120,PUMPKINS,BALTIMORE,24 inch bins,MIXED HEIRLOOM VARIETIES,,09/16/2017,160,240.0,160,240.0,MARYLAND,,,,Undefined,N
121,PUMPKINS,BALTIMORE,24 inch bins,MIXED HEIRLOOM VARIETIES,,09/23/2017,240,240.0,240,240.0,MARYLAND,,,,Undefined,N
122,PUMPKINS,BALTIMORE,24 inch bins,MIXED HEIRLOOM VARIETIES,,09/30/2017,240,240.0,240,240.0,MARYLAND,,,,Undefined,N
123,PUMPKINS,BALTIMORE,1/2 bushel cartons,MINIATURE,FLAT TYPE,09/24/2016,18,18.0,18,18.0,MARYLAND,,sml,,Undefined,N
124,PUMPKINS,BALTIMORE,1/2 bushel cartons,MINIATURE,FLAT TYPE,09/24/2016,15,15.0,15,15.0,MARYLAND,,sml,WHITE,Undefined,N
125,PUMPKINS,BALTIMORE,1/2 bushel cartons,MINIATURE,FLAT TYPE,10/01/2016,18,18.0,18,18.0,MARYLAND,,sml,,Undefined,N
126,PUMPKINS,BALTIMORE,1/2 bushel cartons,MINIATURE,FLAT TYPE,10/01/2016,15,15.0,15,15.0,MARYLAND,,sml,WHITE,Undefined,N
127,PUMPKINS,BALTIMORE,1/2 bushel cartons,MINIATURE,FLAT TYPE,10/01/2016,17,17.0,17,17.0,OHIO,,sml,,Undefined,N
128,PUMPKINS,BALTIMORE,1/2 bushel cartons,MINIATURE,FLAT TYPE,10/08/2016,15,15.0,15,15.0,MARYLAND,,sml,WHITE,Undefined,N
129,PUMPKINS,BALTIMORE,1/2 bushel cartons,MINIATURE,FLAT TYPE,10/08/2016,15,18.0,15,18.0,MARYLAND,,sml,,Undefined,N
130,PUMPKINS,BALTIMORE,1/2 bushel cartons,MINIATURE,FLAT TYPE,10/08/2016,16,17.0,16,17.0,OHIO,,sml,,Undefined,N
131,PUMPKINS,BALTIMORE,1/2 bushel cartons,MINIATURE,FLAT TYPE,10/08/2016,16,18.0,16,18.0,VIRGINIA,,sml,,Undefined,N
132,PUMPKINS,BALTIMORE,1/2 bushel cartons,MINIATURE,FLAT TYPE,10/15/2016,15,15.0,15,15.0,MARYLAND,,sml,,Undefined,N
133,PUMPKINS,BALTIMORE,1/2 bushel cartons,MINIATURE,FLAT TYPE,10/15/2016,15,15.0,15,15.0,MARYLAND,,sml,WHITE,Undefined,N
134,PUMPKINS,BALTIMORE,1/2 bushel cartons,MINIATURE,FLAT TYPE,10/15/2016,16,17.0,16,17.0,OHIO,,sml,,Undefined,N
135,PUMPKINS,BALTIMORE,1/2 bushel cartons,MINIATURE,FLAT TYPE,10/15/2016,16,18.0,16,18.0,VIRGINIA,,sml,,Undefined,N
136,PUMPKINS,BALTIMORE,1/2 bushel cartons,MINIATURE,FLAT TYPE,10/22/2016,15,15.0,15,15.0,MARYLAND,,sml,,Undefined,N
137,PUMPKINS,BALTIMORE,1/2 bushel cartons,MINIATURE,FLAT TYPE,10/22/2016,15,15.0,15,15.0,MARYLAND,,sml,WHITE,Undefined,N
138,PUMPKINS,BALTIMORE,1/2 bushel cartons,MINIATURE,FLAT TYPE,10/22/2016,16,17.0,16,17.0,OHIO,,sml,,Undefined,N
139,PUMPKINS,BALTIMORE,1/2 bushel cartons,MINIATURE,FLAT TYPE,10/22/2016,16,18.0,16,18.0,VIRGINIA,,sml,,Undefined,N
140,PUMPKINS,BALTIMORE,1/2 bushel cartons,MINIATURE,FLAT TYPE,10/29/2016,15,17.0,15,17.0,MARYLAND,,sml,,Undefined,N
141,PUMPKINS,BALTIMORE,1/2 bushel cartons,MINIATURE,FLAT TYPE,10/29/2016,15,15.0,15,15.0,MARYLAND,,sml,WHITE,Undefined,N
142,PUMPKINS,BALTIMORE,1/2 bushel cartons,MINIATURE,FLAT TYPE,10/29/2016,16,17.0,16,17.0,OHIO,,sml,,Undefined,N
143,PUMPKINS,BALTIMORE,1/2 bushel cartons,MINIATURE,FLAT TYPE,10/29/2016,16,18.0,16,18.0,VIRGINIA,,sml,,Undefined,N
144,PUMPKINS,BALTIMORE,1/2 bushel cartons,MINIATURE,FLAT TYPE,11/05/2016,16,17.0,16,17.0,OHIO,,sml,,Undefined,N
145,PUMPKINS,BALTIMORE,1/2 bushel cartons,MINIATURE,,09/16/2017,18,18.0,18,18.0,MARYLAND,,,ORANGE,Undefined,N
146,PUMPKINS,BALTIMORE,1/2 bushel cartons,MINIATURE,,09/23/2017,18,18.0,18,18.0,MARYLAND,,,ORANGE,Undefined,N
147,PUMPKINS,BALTIMORE,1/2 bushel cartons,MINIATURE,,09/23/2017,18,18.0,18,18.0,PENNSYLVANIA,,,ORANGE,Undefined,N
148,PUMPKINS,BALTIMORE,1/2 bushel cartons,MINIATURE,,09/30/2017,18,18.0,18,18.0,MARYLAND,,,ORANGE,Undefined,N
149,PUMPKINS,BALTIMORE,1/2 bushel cartons,MINIATURE,,09/30/2017,18,18.0,18,18.0,PENNSYLVANIA,,,ORANGE,Undefined,N
150,PUMPKINS,BALTIMORE,1/2 bushel cartons,MINIATURE,ROUND TYPE,09/24/2016,15,15.0,15,15.0,MARYLAND,,sml,,Undefined,N
151,PUMPKINS,BALTIMORE,1/2 bushel cartons,MINIATURE,ROUND TYPE,10/01/2016,15,15.0,15,15.0,MARYLAND,,sml,,Undefined,N
152,PUMPKINS,BALTIMORE,1/2 bushel cartons,MINIATURE,ROUND TYPE,10/08/2016,15,15.0,15,15.0,MARYLAND,,sml,,Undefined,N
0,PUMPKINS,BOSTON,36 inch bins,HOWDEN TYPE,,09/24/2016,160,200.0,165,165.0,CANADA,QUEBEC,exjbo,ORANGE,Undefined,N
1,PUMPKINS,BOSTON,36 inch bins,HOWDEN TYPE,,09/24/2016,160,200.0,165,165.0,CANADA,QUEBEC,jbo,ORANGE,Undefined,N
2,PUMPKINS,BOSTON,36 inch bins,HOWDEN TYPE,,09/24/2016,160,200.0,165,165.0,CANADA,QUEBEC,xlge,ORANGE,Undefined,N
3,PUMPKINS,BOSTON,36 inch bins,HOWDEN TYPE,,09/24/2016,160,200.0,165,165.0,CANADA,ONTARIO,xlge,ORANGE,Undefined,N
4,PUMPKINS,BOSTON,36 inch bins,HOWDEN TYPE,,09/24/2016,160,180.0,165,165.0,CANADA,ONTARIO,lge,ORANGE,Undefined,N
5,PUMPKINS,BOSTON,36 inch bins,HOWDEN TYPE,,09/24/2016,160,180.0,160,165.0,CANADA,QUEBEC,lge,ORANGE,Undefined,N
6,PUMPKINS,BOSTON,36 inch bins,HOWDEN TYPE,,09/24/2016,140,160.0,150,160.0,CANADA,QUEBEC,med-lge,ORANGE,Undefined,N
7,PUMPKINS,BOSTON,36 inch bins,HOWDEN TYPE,,09/24/2016,140,160.0,150,150.0,CANADA,QUEBEC,med,ORANGE,Undefined,N
8,PUMPKINS,BOSTON,36 inch bins,HOWDEN TYPE,,09/24/2016,140,160.0,140,140.0,CANADA,QUEBEC,sml,ORANGE,Undefined,N
9,PUMPKINS,BOSTON,36 inch bins,HOWDEN TYPE,,09/24/2016,200,225.0,225,225.0,MASSACHUSETTS,,jbo,ORANGE,Undefined,N
10,PUMPKINS,BOSTON,36 inch bins,HOWDEN TYPE,,09/24/2016,180,225.0,200,200.0,MASSACHUSETTS,,xlge,ORANGE,Undefined,N
11,PUMPKINS,BOSTON,36 inch bins,HOWDEN TYPE,,09/24/2016,180,225.0,200,200.0,MASSACHUSETTS,,lge,ORANGE,Undefined,N
12,PUMPKINS,BOSTON,36 inch bins,HOWDEN TYPE,,09/24/2016,180,225.0,180,200.0,MASSACHUSETTS,,med-lge,ORANGE,Undefined,N
13,PUMPKINS,BOSTON,36 inch bins,HOWDEN TYPE,,09/24/2016,180,225.0,180,190.0,MASSACHUSETTS,,med,ORANGE,Undefined,N
14,PUMPKINS,BOSTON,36 inch bins,HOWDEN TYPE,,09/24/2016,180,225.0,180,180.0,MASSACHUSETTS,,sml,ORANGE,Undefined,N
15,PUMPKINS,BOSTON,36 inch bins,HOWDEN TYPE,,09/24/2016,170,180.0,180,180.0,MICHIGAN,,jbo,ORANGE,Undefined,N
16,PUMPKINS,BOSTON,36 inch bins,HOWDEN TYPE,,09/24/2016,170,180.0,175,180.0,MICHIGAN,,xlge,ORANGE,Undefined,N
17,PUMPKINS,BOSTON,36 inch bins,HOWDEN TYPE,,09/24/2016,140,160.0,150,150.0,PENNSYLVANIA,,xlge,ORANGE,Undefined,N
18,PUMPKINS,BOSTON,36 inch bins,HOWDEN TYPE,,09/24/2016,140,160.0,150,150.0,PENNSYLVANIA,,lge,ORANGE,Undefined,N
19,PUMPKINS,BOSTON,36 inch bins,HOWDEN TYPE,,10/01/2016,160,200.0,165,165.0,CANADA,QUEBEC,exjbo,ORANGE,Undefined,N
20,PUMPKINS,BOSTON,36 inch bins,HOWDEN TYPE,,10/01/2016,160,200.0,165,165.0,CANADA,QUEBEC,jbo,ORANGE,Undefined,N
21,PUMPKINS,BOSTON,36 inch bins,HOWDEN TYPE,,10/01/2016,160,200.0,165,165.0,CANADA,ONTARIO,xlge,ORANGE,Undefined,N
22,PUMPKINS,BOSTON,36 inch bins,HOWDEN TYPE,,10/01/2016,160,200.0,165,165.0,CANADA,QUEBEC,xlge,ORANGE,Undefined,N
23,PUMPKINS,BOSTON,36 inch bins,HOWDEN TYPE,,10/01/2016,160,180.0,165,165.0,CANADA,ONTARIO,lge,ORANGE,Undefined,N
24,PUMPKINS,BOSTON,36 inch bins,HOWDEN TYPE,,10/01/2016,160,180.0,160,165.0,CANADA,QUEBEC,lge,ORANGE,Undefined,N
25,PUMPKINS,BOSTON,36 inch bins,HOWDEN TYPE,,10/01/2016,140,160.0,150,160.0,CANADA,QUEBEC,med-lge,ORANGE,Undefined,N
26,PUMPKINS,BOSTON,36 inch bins,HOWDEN TYPE,,10/01/2016,140,160.0,150,150.0,CANADA,QUEBEC,med,ORANGE,Undefined,N
27,PUMPKINS,BOSTON,36 inch bins,HOWDEN TYPE,,10/01/2016,140,160.0,140,140.0,CANADA,QUEBEC,sml,ORANGE,Undefined,N
28,PUMPKINS,BOSTON,36 inch bins,HOWDEN TYPE,,10/01/2016,200,225.0,225,225.0,MASSACHUSETTS,,jbo,ORANGE,Undefined,N
29,PUMPKINS,BOSTON,36 inch bins,HOWDEN TYPE,,10/01/2016,180,225.0,200,200.0,MASSACHUSETTS,,xlge,ORANGE,Undefined,N
30,PUMPKINS,BOSTON,36 inch bins,HOWDEN TYPE,,10/01/2016,180,225.0,200,200.0,MASSACHUSETTS,,lge,ORANGE,Undefined,N
31,PUMPKINS,BOSTON,36 inch bins,HOWDEN TYPE,,10/01/2016,180,225.0,180,200.0,MASSACHUSETTS,,med-lge,ORANGE,Undefined,N
32,PUMPKINS,BOSTON,36 inch bins,HOWDEN TYPE,,10/01/2016,180,225.0,180,190.0,MASSACHUSETTS,,med,ORANGE,Undefined,N
33,PUMPKINS,BOSTON,36 inch bins,HOWDEN TYPE,,10/01/2016,180,225.0,180,180.0,MASSACHUSETTS,,sml,ORANGE,Undefined,N
34,PUMPKINS,BOSTON,36 inch bins,HOWDEN TYPE,,10/01/2016,170,180.0,180,180.0,MICHIGAN,,jbo,ORANGE,Undefined,N
35,PUMPKINS,BOSTON,36 inch bins,HOWDEN TYPE,,10/01/2016,170,180.0,175,180.0,MICHIGAN,,xlge,ORANGE,Undefined,N
36,PUMPKINS,BOSTON,36 inch bins,HOWDEN TYPE,,10/01/2016,140,160.0,150,150.0,PENNSYLVANIA,,xlge,ORANGE,Undefined,N
37,PUMPKINS,BOSTON,36 inch bins,HOWDEN TYPE,,10/01/2016,140,160.0,150,150.0,PENNSYLVANIA,,lge,ORANGE,Undefined,N
38,PUMPKINS,BOSTON,36 inch bins,HOWDEN TYPE,,10/08/2016,160,200.0,165,165.0,CANADA,QUEBEC,exjbo,ORANGE,Undefined,N
39,PUMPKINS,BOSTON,36 inch bins,HOWDEN TYPE,,10/08/2016,160,200.0,165,165.0,CANADA,QUEBEC,jbo,ORANGE,Undefined,N
40,PUMPKINS,BOSTON,36 inch bins,HOWDEN TYPE,,10/08/2016,160,200.0,165,165.0,CANADA,ONTARIO,xlge,ORANGE,Undefined,N
41,PUMPKINS,BOSTON,36 inch bins,HOWDEN TYPE,,10/08/2016,160,200.0,165,165.0,CANADA,QUEBEC,xlge,ORANGE,Undefined,N
42,PUMPKINS,BOSTON,36 inch bins,HOWDEN TYPE,,10/08/2016,160,180.0,160,165.0,CANADA,QUEBEC,lge,ORANGE,Undefined,N
43,PUMPKINS,BOSTON,36 inch bins,HOWDEN TYPE,,10/08/2016,160,180.0,165,165.0,CANADA,ONTARIO,lge,ORANGE,Undefined,N
44,PUMPKINS,BOSTON,36 inch bins,HOWDEN TYPE,,10/08/2016,140,160.0,150,160.0,CANADA,QUEBEC,med-lge,ORANGE,Undefined,N
45,PUMPKINS,BOSTON,36 inch bins,HOWDEN TYPE,,10/08/2016,140,160.0,150,150.0,CANADA,QUEBEC,med,ORANGE,Undefined,N
46,PUMPKINS,BOSTON,36 inch bins,HOWDEN TYPE,,10/08/2016,140,160.0,140,140.0,CANADA,QUEBEC,sml,ORANGE,Undefined,N
47,PUMPKINS,BOSTON,36 inch bins,HOWDEN TYPE,,10/08/2016,200,225.0,225,225.0,MASSACHUSETTS,,jbo,ORANGE,Undefined,N
48,PUMPKINS,BOSTON,36 inch bins,HOWDEN TYPE,,10/08/2016,180,225.0,200,200.0,MASSACHUSETTS,,xlge,ORANGE,Undefined,N
49,PUMPKINS,BOSTON,36 inch bins,HOWDEN TYPE,,10/08/2016,180,225.0,200,200.0,MASSACHUSETTS,,lge,ORANGE,Undefined,N
50,PUMPKINS,BOSTON,36 inch bins,HOWDEN TYPE,,10/08/2016,180,225.0,180,200.0,MASSACHUSETTS,,med-lge,ORANGE,Undefined,N
51,PUMPKINS,BOSTON,36 inch bins,HOWDEN TYPE,,10/08/2016,180,225.0,180,190.0,MASSACHUSETTS,,med,ORANGE,Undefined,N
52,PUMPKINS,BOSTON,36 inch bins,HOWDEN TYPE,,10/08/2016,180,225.0,180,180.0,MASSACHUSETTS,,sml,ORANGE,Undefined,N
53,PUMPKINS,BOSTON,36 inch bins,HOWDEN TYPE,,10/08/2016,170,180.0,180,180.0,MICHIGAN,,jbo,ORANGE,Undefined,N
54,PUMPKINS,BOSTON,36 inch bins,HOWDEN TYPE,,10/08/2016,170,180.0,175,180.0,MICHIGAN,,xlge,ORANGE,Undefined,N
55,PUMPKINS,BOSTON,36 inch bins,HOWDEN TYPE,,10/08/2016,140,160.0,150,150.0,PENNSYLVANIA,,xlge,ORANGE,Undefined,N
56,PUMPKINS,BOSTON,36 inch bins,HOWDEN TYPE,,10/08/2016,140,160.0,150,150.0,PENNSYLVANIA,,lge,ORANGE,Undefined,N
57,PUMPKINS,BOSTON,36 inch bins,HOWDEN TYPE,,10/15/2016,160,200.0,165,165.0,CANADA,QUEBEC,exjbo,ORANGE,Undefined,N
58,PUMPKINS,BOSTON,36 inch bins,HOWDEN TYPE,,10/15/2016,160,200.0,165,165.0,CANADA,QUEBEC,jbo,ORANGE,Undefined,N
59,PUMPKINS,BOSTON,36 inch bins,HOWDEN TYPE,,10/15/2016,160,200.0,165,165.0,CANADA,ONTARIO,xlge,ORANGE,Undefined,N
60,PUMPKINS,BOSTON,36 inch bins,HOWDEN TYPE,,10/15/2016,160,200.0,165,165.0,CANADA,QUEBEC,xlge,ORANGE,Undefined,N
61,PUMPKINS,BOSTON,36 inch bins,HOWDEN TYPE,,10/15/2016,160,180.0,165,165.0,CANADA,ONTARIO,lge,ORANGE,Undefined,N
62,PUMPKINS,BOSTON,36 inch bins,HOWDEN TYPE,,10/15/2016,160,180.0,160,165.0,CANADA,QUEBEC,lge,ORANGE,Undefined,N
63,PUMPKINS,BOSTON,36 inch bins,HOWDEN TYPE,,10/15/2016,140,160.0,150,160.0,CANADA,QUEBEC,med-lge,ORANGE,Undefined,N
64,PUMPKINS,BOSTON,36 inch bins,HOWDEN TYPE,,10/15/2016,140,160.0,150,150.0,CANADA,QUEBEC,med,ORANGE,Undefined,N
65,PUMPKINS,BOSTON,36 inch bins,HOWDEN TYPE,,10/15/2016,140,160.0,140,140.0,CANADA,QUEBEC,sml,ORANGE,Undefined,N
66,PUMPKINS,BOSTON,36 inch bins,HOWDEN TYPE,,10/15/2016,200,225.0,225,225.0,MASSACHUSETTS,,jbo,ORANGE,Undefined,N
67,PUMPKINS,BOSTON,36 inch bins,HOWDEN TYPE,,10/15/2016,180,225.0,200,200.0,MASSACHUSETTS,,xlge,ORANGE,Undefined,N
68,PUMPKINS,BOSTON,36 inch bins,HOWDEN TYPE,,10/15/2016,180,225.0,200,200.0,MASSACHUSETTS,,lge,ORANGE,Undefined,N
69,PUMPKINS,BOSTON,36 inch bins,HOWDEN TYPE,,10/15/2016,180,225.0,180,200.0,MASSACHUSETTS,,med-lge,ORANGE,Undefined,N
70,PUMPKINS,BOSTON,36 inch bins,HOWDEN TYPE,,10/15/2016,180,225.0,180,190.0,MASSACHUSETTS,,med,ORANGE,Undefined,N
71,PUMPKINS,BOSTON,36 inch bins,HOWDEN TYPE,,10/15/2016,180,225.0,180,180.0,MASSACHUSETTS,,sml,ORANGE,Undefined,N
72,PUMPKINS,BOSTON,36 inch bins,HOWDEN TYPE,,10/15/2016,170,180.0,180,180.0,MICHIGAN,,jbo,ORANGE,Undefined,N
73,PUMPKINS,BOSTON,36 inch bins,HOWDEN TYPE,,10/15/2016,170,180.0,175,180.0,MICHIGAN,,xlge,ORANGE,Undefined,N
74,PUMPKINS,BOSTON,36 inch bins,HOWDEN TYPE,,10/15/2016,140,160.0,150,150.0,PENNSYLVANIA,,xlge,ORANGE,Undefined,N
75,PUMPKINS,BOSTON,36 inch bins,HOWDEN TYPE,,10/15/2016,140,160.0,150,150.0,PENNSYLVANIA,,lge,ORANGE,Undefined,N
76,PUMPKINS,BOSTON,36 inch bins,HOWDEN TYPE,,10/22/2016,150,200.0,160,160.0,CANADA,QUEBEC,exjbo,ORANGE,Undefined,N
77,PUMPKINS,BOSTON,36 inch bins,HOWDEN TYPE,,10/22/2016,160,200.0,160,165.0,CANADA,QUEBEC,jbo,ORANGE,Undefined,N
78,PUMPKINS,BOSTON,36 inch bins,HOWDEN TYPE,,10/22/2016,150,200.0,150,165.0,CANADA,ONTARIO,xlge,ORANGE,Undefined,N
79,PUMPKINS,BOSTON,36 inch bins,HOWDEN TYPE,,10/22/2016,160,200.0,160,165.0,CANADA,QUEBEC,xlge,ORANGE,Undefined,N
80,PUMPKINS,BOSTON,36 inch bins,HOWDEN TYPE,,10/22/2016,160,180.0,160,160.0,CANADA,QUEBEC,lge,ORANGE,Undefined,N
81,PUMPKINS,BOSTON,36 inch bins,HOWDEN TYPE,,10/22/2016,150,180.0,150,165.0,CANADA,ONTARIO,lge,ORANGE,Undefined,N
82,PUMPKINS,BOSTON,36 inch bins,HOWDEN TYPE,,10/22/2016,140,160.0,150,155.0,CANADA,QUEBEC,med-lge,ORANGE,Undefined,N
83,PUMPKINS,BOSTON,36 inch bins,HOWDEN TYPE,,10/22/2016,140,160.0,145,150.0,CANADA,QUEBEC,med,ORANGE,Undefined,N
84,PUMPKINS,BOSTON,36 inch bins,HOWDEN TYPE,,10/22/2016,130,160.0,135,140.0,CANADA,QUEBEC,sml,ORANGE,Undefined,N
85,PUMPKINS,BOSTON,36 inch bins,HOWDEN TYPE,,10/22/2016,195,225.0,220,225.0,MASSACHUSETTS,,jbo,ORANGE,Undefined,N
86,PUMPKINS,BOSTON,36 inch bins,HOWDEN TYPE,,10/22/2016,180,225.0,195,200.0,MASSACHUSETTS,,xlge,ORANGE,Undefined,N
87,PUMPKINS,BOSTON,36 inch bins,HOWDEN TYPE,,10/22/2016,180,225.0,190,200.0,MASSACHUSETTS,,lge,ORANGE,Undefined,N
88,PUMPKINS,BOSTON,36 inch bins,HOWDEN TYPE,,10/22/2016,180,225.0,180,190.0,MASSACHUSETTS,,med-lge,ORANGE,Undefined,N
89,PUMPKINS,BOSTON,36 inch bins,HOWDEN TYPE,,10/22/2016,180,225.0,180,185.0,MASSACHUSETTS,,med,ORANGE,Undefined,N
90,PUMPKINS,BOSTON,36 inch bins,HOWDEN TYPE,,10/22/2016,175,225.0,175,180.0,MASSACHUSETTS,,sml,ORANGE,Undefined,N
91,PUMPKINS,BOSTON,36 inch bins,HOWDEN TYPE,,10/22/2016,170,180.0,170,180.0,MICHIGAN,,jbo,ORANGE,Undefined,N
92,PUMPKINS,BOSTON,36 inch bins,HOWDEN TYPE,,10/22/2016,160,180.0,165,175.0,MICHIGAN,,xlge,ORANGE,Undefined,N
93,PUMPKINS,BOSTON,36 inch bins,HOWDEN TYPE,,10/22/2016,140,160.0,145,150.0,PENNSYLVANIA,,xlge,ORANGE,Undefined,N
94,PUMPKINS,BOSTON,36 inch bins,HOWDEN TYPE,,10/22/2016,140,160.0,145,150.0,PENNSYLVANIA,,lge,ORANGE,Undefined,N
95,PUMPKINS,BOSTON,36 inch bins,HOWDEN TYPE,,10/29/2016,150,200.0,160,160.0,CANADA,QUEBEC,exjbo,ORANGE,Undefined,N
96,PUMPKINS,BOSTON,36 inch bins,HOWDEN TYPE,,10/29/2016,160,200.0,160,165.0,CANADA,QUEBEC,jbo,ORANGE,Undefined,N
97,PUMPKINS,BOSTON,36 inch bins,HOWDEN TYPE,,10/29/2016,160,200.0,160,165.0,CANADA,QUEBEC,xlge,ORANGE,Undefined,N
98,PUMPKINS,BOSTON,36 inch bins,HOWDEN TYPE,,10/29/2016,150,200.0,150,165.0,CANADA,ONTARIO,xlge,ORANGE,Undefined,N
99,PUMPKINS,BOSTON,36 inch bins,HOWDEN TYPE,,10/29/2016,150,180.0,150,165.0,CANADA,ONTARIO,lge,ORANGE,Undefined,N
100,PUMPKINS,BOSTON,36 inch bins,HOWDEN TYPE,,10/29/2016,160,180.0,160,160.0,CANADA,QUEBEC,lge,ORANGE,Undefined,N
101,PUMPKINS,BOSTON,36 inch bins,HOWDEN TYPE,,10/29/2016,140,160.0,150,155.0,CANADA,QUEBEC,med-lge,ORANGE,Undefined,N
102,PUMPKINS,BOSTON,36 inch bins,HOWDEN TYPE,,10/29/2016,140,160.0,145,150.0,CANADA,QUEBEC,med,ORANGE,Undefined,N
103,PUMPKINS,BOSTON,36 inch bins,HOWDEN TYPE,,10/29/2016,130,160.0,135,140.0,CANADA,QUEBEC,sml,ORANGE,Undefined,N
104,PUMPKINS,BOSTON,36 inch bins,HOWDEN TYPE,,10/29/2016,180,225.0,210,220.0,MASSACHUSETTS,,jbo,ORANGE,Undefined,N
105,PUMPKINS,BOSTON,36 inch bins,HOWDEN TYPE,,10/29/2016,170,225.0,195,195.0,MASSACHUSETTS,,xlge,ORANGE,Undefined,N
106,PUMPKINS,BOSTON,36 inch bins,HOWDEN TYPE,,10/29/2016,170,225.0,190,190.0,MASSACHUSETTS,,lge,ORANGE,Undefined,N
107,PUMPKINS,BOSTON,36 inch bins,HOWDEN TYPE,,10/29/2016,160,225.0,180,180.0,MASSACHUSETTS,,med-lge,ORANGE,Undefined,N
108,PUMPKINS,BOSTON,36 inch bins,HOWDEN TYPE,,10/29/2016,160,225.0,175,175.0,MASSACHUSETTS,,med,ORANGE,Undefined,N
109,PUMPKINS,BOSTON,36 inch bins,HOWDEN TYPE,,10/29/2016,150,225.0,175,175.0,MASSACHUSETTS,,sml,ORANGE,Undefined,N
110,PUMPKINS,BOSTON,36 inch bins,HOWDEN TYPE,,10/29/2016,160,180.0,170,170.0,MICHIGAN,,jbo,ORANGE,Undefined,N
111,PUMPKINS,BOSTON,36 inch bins,HOWDEN TYPE,,10/29/2016,150,180.0,165,165.0,MICHIGAN,,xlge,ORANGE,Undefined,N
112,PUMPKINS,BOSTON,36 inch bins,HOWDEN TYPE,,10/29/2016,140,160.0,145,150.0,PENNSYLVANIA,,xlge,ORANGE,Undefined,N
113,PUMPKINS,BOSTON,36 inch bins,HOWDEN TYPE,,10/29/2016,140,160.0,145,150.0,PENNSYLVANIA,,lge,ORANGE,Undefined,N
114,PUMPKINS,BOSTON,36 inch bins,HOWDEN TYPE,,11/05/2016,180,225.0,210,220.0,MASSACHUSETTS,,jbo,ORANGE,Undefined,N
115,PUMPKINS,BOSTON,36 inch bins,HOWDEN TYPE,,11/05/2016,170,225.0,195,195.0,MASSACHUSETTS,,xlge,ORANGE,Undefined,N
116,PUMPKINS,BOSTON,36 inch bins,HOWDEN TYPE,,11/05/2016,170,225.0,190,190.0,MASSACHUSETTS,,lge,ORANGE,Undefined,N
117,PUMPKINS,BOSTON,36 inch bins,HOWDEN TYPE,,11/05/2016,160,225.0,180,180.0,MASSACHUSETTS,,med-lge,ORANGE,Undefined,N
118,PUMPKINS,BOSTON,36 inch bins,HOWDEN TYPE,,11/05/2016,160,225.0,175,175.0,MASSACHUSETTS,,med,ORANGE,Undefined,N
119,PUMPKINS,BOSTON,36 inch bins,HOWDEN TYPE,,11/05/2016,150,225.0,175,175.0,MASSACHUSETTS,,sml,ORANGE,Undefined,N
120,PUMPKINS,BOSTON,36 inch bins,HOWDEN TYPE,,09/23/2017,200,225.0,210,225.0,MASSACHUSETTS,,jbo,,PER BIN,N
121,PUMPKINS,BOSTON,36 inch bins,HOWDEN TYPE,,09/23/2017,175,200.0,185,200.0,MASSACHUSETTS,,xlge,,PER BIN,N
122,PUMPKINS,BOSTON,36 inch bins,HOWDEN TYPE,,09/23/2017,175,200.0,175,200.0,MASSACHUSETTS,,lge,,PER BIN,N
123,PUMPKINS,BOSTON,36 inch bins,HOWDEN TYPE,,09/23/2017,200,225.0,225,225.0,MICHIGAN,,jbo,,PER BIN,N
124,PUMPKINS,BOSTON,36 inch bins,HOWDEN TYPE,,09/23/2017,175,200.0,200,200.0,MICHIGAN,,xlge,,PER BIN,N
125,PUMPKINS,BOSTON,36 inch bins,HOWDEN TYPE,,09/23/2017,175,200.0,200,200.0,MICHIGAN,,lge,,PER BIN,N
126,PUMPKINS,BOSTON,36 inch bins,HOWDEN TYPE,,09/30/2017,200,225.0,210,225.0,MASSACHUSETTS,,jbo,,PER BIN,N
127,PUMPKINS,BOSTON,36 inch bins,HOWDEN TYPE,,09/30/2017,175,200.0,185,200.0,MASSACHUSETTS,,xlge,,PER BIN,N
128,PUMPKINS,BOSTON,36 inch bins,HOWDEN TYPE,,09/30/2017,175,200.0,175,175.0,MASSACHUSETTS,,lge,,PER BIN,N
129,PUMPKINS,BOSTON,36 inch bins,HOWDEN TYPE,,09/30/2017,200,225.0,225,225.0,MICHIGAN,,jbo,,PER BIN,N
130,PUMPKINS,BOSTON,36 inch bins,HOWDEN TYPE,,09/30/2017,175,200.0,200,200.0,MICHIGAN,,xlge,,PER BIN,N
131,PUMPKINS,BOSTON,36 inch bins,HOWDEN TYPE,,09/30/2017,175,200.0,200,200.0,MICHIGAN,,lge,,PER BIN,N
132,PUMPKINS,BOSTON,24 inch bins,CINDERELLA,,09/24/2016,260,285.0,285,285.0,MASSACHUSETTS,,xlge,ORANGE,Undefined,N
133,PUMPKINS,BOSTON,24 inch bins,CINDERELLA,,09/24/2016,260,285.0,285,285.0,MASSACHUSETTS,,xlge,WHITE,Undefined,N
134,PUMPKINS,BOSTON,24 inch bins,CINDERELLA,,10/01/2016,260,285.0,285,285.0,MASSACHUSETTS,,xlge,ORANGE,Undefined,N
135,PUMPKINS,BOSTON,24 inch bins,CINDERELLA,,10/01/2016,260,285.0,285,285.0,MASSACHUSETTS,,xlge,WHITE,Undefined,N
136,PUMPKINS,BOSTON,24 inch bins,CINDERELLA,,10/08/2016,260,285.0,285,285.0,MASSACHUSETTS,,xlge,WHITE,Undefined,N
137,PUMPKINS,BOSTON,24 inch bins,CINDERELLA,,10/08/2016,260,285.0,285,285.0,MASSACHUSETTS,,xlge,ORANGE,Undefined,N
138,PUMPKINS,BOSTON,24 inch bins,CINDERELLA,,10/15/2016,260,285.0,285,285.0,MASSACHUSETTS,,xlge,ORANGE,Undefined,N
139,PUMPKINS,BOSTON,24 inch bins,CINDERELLA,,10/15/2016,260,285.0,285,285.0,MASSACHUSETTS,,xlge,WHITE,Undefined,N
140,PUMPKINS,BOSTON,24 inch bins,CINDERELLA,,10/22/2016,260,285.0,285,285.0,MASSACHUSETTS,,xlge,WHITE,Undefined,N
141,PUMPKINS,BOSTON,24 inch bins,CINDERELLA,,10/22/2016,260,285.0,285,285.0,MASSACHUSETTS,,xlge,ORANGE,Undefined,N
142,PUMPKINS,BOSTON,24 inch bins,CINDERELLA,,10/29/2016,260,285.0,285,285.0,MASSACHUSETTS,,xlge,ORANGE,Undefined,N
143,PUMPKINS,BOSTON,24 inch bins,CINDERELLA,,10/29/2016,260,285.0,285,285.0,MASSACHUSETTS,,xlge,WHITE,Undefined,N
144,PUMPKINS,BOSTON,24 inch bins,CINDERELLA,,11/05/2016,260,285.0,285,285.0,MASSACHUSETTS,,xlge,WHITE,Undefined,N
145,PUMPKINS,BOSTON,24 inch bins,CINDERELLA,,11/05/2016,260,285.0,285,285.0,MASSACHUSETTS,,xlge,ORANGE,Undefined,N
146,PUMPKINS,BOSTON,1/2 bushel cartons,FAIRYTALE,,09/24/2016,15,16.0,15,15.0,MASSACHUSETTS,,sml,ORANGE,Undefined,N
147,PUMPKINS,BOSTON,1/2 bushel cartons,FAIRYTALE,,10/01/2016,15,16.0,15,15.0,MASSACHUSETTS,,sml,ORANGE,Undefined,N
148,PUMPKINS,BOSTON,1/2 bushel cartons,FAIRYTALE,,10/08/2016,15,16.0,15,15.0,MASSACHUSETTS,,sml,ORANGE,Undefined,N
149,PUMPKINS,BOSTON,1/2 bushel cartons,FAIRYTALE,,10/15/2016,15,16.0,15,15.0,MASSACHUSETTS,,sml,ORANGE,Undefined,N
150,PUMPKINS,BOSTON,1/2 bushel cartons,FAIRYTALE,,10/22/2016,15,16.0,15,15.0,MASSACHUSETTS,,sml,ORANGE,Undefined,N
151,PUMPKINS,BOSTON,1/2 bushel cartons,FAIRYTALE,,10/29/2016,15,16.0,15,15.0,MASSACHUSETTS,,sml,ORANGE,Undefined,N
152,PUMPKINS,BOSTON,1/2 bushel cartons,FAIRYTALE,,11/05/2016,15,16.0,15,15.0,MASSACHUSETTS,,sml,ORANGE,Undefined,N
153,PUMPKINS,BOSTON,24 inch bins,FAIRYTALE,,09/24/2016,260,285.0,285,285.0,MASSACHUSETTS,,xlge,WHITE,Undefined,N
154,PUMPKINS,BOSTON,24 inch bins,FAIRYTALE,,09/24/2016,260,285.0,285,285.0,MASSACHUSETTS,,xlge,ORANGE,Undefined,N
155,PUMPKINS,BOSTON,24 inch bins,FAIRYTALE,,10/01/2016,260,285.0,285,285.0,MASSACHUSETTS,,xlge,ORANGE,Undefined,N
156,PUMPKINS,BOSTON,24 inch bins,FAIRYTALE,,10/01/2016,260,285.0,285,285.0,MASSACHUSETTS,,xlge,WHITE,Undefined,N
157,PUMPKINS,BOSTON,24 inch bins,FAIRYTALE,,10/08/2016,260,285.0,285,285.0,MASSACHUSETTS,,xlge,WHITE,Undefined,N
158,PUMPKINS,BOSTON,24 inch bins,FAIRYTALE,,10/08/2016,260,285.0,285,285.0,MASSACHUSETTS,,xlge,ORANGE,Undefined,N
159,PUMPKINS,BOSTON,24 inch bins,FAIRYTALE,,10/15/2016,260,285.0,285,285.0,MASSACHUSETTS,,xlge,WHITE,Undefined,N
160,PUMPKINS,BOSTON,24 inch bins,FAIRYTALE,,10/15/2016,260,285.0,285,285.0,MASSACHUSETTS,,xlge,ORANGE,Undefined,N
161,PUMPKINS,BOSTON,24 inch bins,FAIRYTALE,,10/22/2016,260,285.0,285,285.0,MASSACHUSETTS,,xlge,WHITE,Undefined,N
162,PUMPKINS,BOSTON,24 inch bins,FAIRYTALE,,10/22/2016,260,285.0,285,285.0,MASSACHUSETTS,,xlge,ORANGE,Undefined,N
163,PUMPKINS,BOSTON,24 inch bins,FAIRYTALE,,10/29/2016,260,285.0,285,285.0,MASSACHUSETTS,,xlge,WHITE,Undefined,N
164,PUMPKINS,BOSTON,24 inch bins,FAIRYTALE,,10/29/2016,260,285.0,285,285.0,MASSACHUSETTS,,xlge,ORANGE,Undefined,N
165,PUMPKINS,BOSTON,24 inch bins,FAIRYTALE,,11/05/2016,260,285.0,285,285.0,MASSACHUSETTS,,xlge,ORANGE,Undefined,N
166,PUMPKINS,BOSTON,24 inch bins,FAIRYTALE,,11/05/2016,260,285.0,285,285.0,MASSACHUSETTS,,xlge,WHITE,Undefined,N
167,PUMPKINS,BOSTON,1 1/9 bushel crates,PIE TYPE,,09/24/2016,15,16.0,15,15.0,MASSACHUSETTS,,sml,ORANGE,Undefined,N
168,PUMPKINS,BOSTON,1 1/9 bushel crates,PIE TYPE,,10/01/2016,15,16.0,15,15.0,MASSACHUSETTS,,sml,ORANGE,Undefined,N
169,PUMPKINS,BOSTON,1 1/9 bushel crates,PIE TYPE,,10/08/2016,15,16.0,15,15.0,MASSACHUSETTS,,sml,ORANGE,Undefined,N
170,PUMPKINS,BOSTON,1 1/9 bushel crates,PIE TYPE,,10/15/2016,15,16.0,15,15.0,MASSACHUSETTS,,sml,ORANGE,Undefined,N
171,PUMPKINS,BOSTON,1 1/9 bushel crates,PIE TYPE,,10/22/2016,15,16.0,15,15.0,MASSACHUSETTS,,sml,ORANGE,Undefined,N
172,PUMPKINS,BOSTON,1 1/9 bushel crates,PIE TYPE,,10/29/2016,15,16.0,15,15.0,MASSACHUSETTS,,sml,ORANGE,Undefined,N
173,PUMPKINS,BOSTON,1 1/9 bushel crates,PIE TYPE,,11/05/2016,15,16.0,15,15.0,MASSACHUSETTS,,sml,ORANGE,Undefined,N
174,PUMPKINS,BOSTON,1 1/9 bushel crates,PIE TYPE,,11/12/2016,15,16.0,15,15.0,MASSACHUSETTS,,sml,ORANGE,Undefined,N
175,PUMPKINS,BOSTON,1 1/9 bushel crates,PIE TYPE,,11/19/2016,15,16.0,15,15.0,MASSACHUSETTS,,sml,ORANGE,Undefined,N
176,PUMPKINS,BOSTON,1 1/9 bushel crates,PIE TYPE,,11/26/2016,15,16.0,15,15.0,MASSACHUSETTS,,sml,ORANGE,Undefined,N
177,PUMPKINS,BOSTON,1 1/9 bushel crates,PIE TYPE,,12/03/2016,15,16.0,15,15.0,MASSACHUSETTS,,sml,ORANGE,Undefined,N
178,PUMPKINS,BOSTON,1 1/9 bushel cartons,PIE TYPE,,09/24/2016,15,16.0,15,15.0,MASSACHUSETTS,,sml,ORANGE,Undefined,N
179,PUMPKINS,BOSTON,1 1/9 bushel cartons,PIE TYPE,,10/01/2016,15,16.0,15,15.0,MASSACHUSETTS,,sml,ORANGE,Undefined,N
180,PUMPKINS,BOSTON,1 1/9 bushel cartons,PIE TYPE,,10/08/2016,15,16.0,15,15.0,MASSACHUSETTS,,sml,ORANGE,Undefined,N
181,PUMPKINS,BOSTON,1 1/9 bushel cartons,PIE TYPE,,10/15/2016,15,16.0,15,15.0,MASSACHUSETTS,,sml,ORANGE,Undefined,N
182,PUMPKINS,BOSTON,1 1/9 bushel cartons,PIE TYPE,,10/22/2016,15,16.0,15,15.0,MASSACHUSETTS,,sml,ORANGE,Undefined,N
183,PUMPKINS,BOSTON,1 1/9 bushel cartons,PIE TYPE,,10/29/2016,15,16.0,15,15.0,MASSACHUSETTS,,sml,ORANGE,Undefined,N
184,PUMPKINS,BOSTON,1 1/9 bushel cartons,PIE TYPE,,11/05/2016,15,16.0,15,15.0,MASSACHUSETTS,,sml,ORANGE,Undefined,N
185,PUMPKINS,BOSTON,1 1/9 bushel cartons,PIE TYPE,,11/12/2016,15,16.0,15,15.0,MASSACHUSETTS,,sml,ORANGE,Undefined,N
186,PUMPKINS,BOSTON,1 1/9 bushel cartons,PIE TYPE,,11/19/2016,15,16.0,15,15.0,MASSACHUSETTS,,sml,ORANGE,Undefined,N
187,PUMPKINS,BOSTON,1 1/9 bushel cartons,PIE TYPE,,11/26/2016,15,16.0,15,15.0,MASSACHUSETTS,,sml,ORANGE,Undefined,N
188,PUMPKINS,BOSTON,1 1/9 bushel cartons,PIE TYPE,,12/03/2016,15,16.0,15,15.0,MASSACHUSETTS,,sml,ORANGE,Undefined,N
189,PUMPKINS,BOSTON,1 1/9 bushel cartons,PIE TYPE,,12/10/2016,15,16.0,15,15.0,MASSACHUSETTS,,sml,ORANGE,Undefined,N
190,PUMPKINS,BOSTON,24 inch bins,PIE TYPE,,09/24/2016,175,180.0,175,175.0,CANADA,ONTARIO,sml,ORANGE,Undefined,N
191,PUMPKINS,BOSTON,24 inch bins,PIE TYPE,,09/24/2016,170,180.0,175,175.0,PENNSYLVANIA,,sml,ORANGE,Undefined,N
192,PUMPKINS,BOSTON,24 inch bins,PIE TYPE,,10/01/2016,175,180.0,175,175.0,CANADA,ONTARIO,sml,ORANGE,Undefined,N
193,PUMPKINS,BOSTON,24 inch bins,PIE TYPE,,10/01/2016,200,200.0,200,200.0,MICHIGAN,,sml,ORANGE,Undefined,N
194,PUMPKINS,BOSTON,24 inch bins,PIE TYPE,,10/01/2016,170,180.0,175,175.0,PENNSYLVANIA,,sml,ORANGE,Undefined,N
195,PUMPKINS,BOSTON,24 inch bins,PIE TYPE,,10/08/2016,175,180.0,175,175.0,CANADA,ONTARIO,sml,ORANGE,Undefined,N
196,PUMPKINS,BOSTON,24 inch bins,PIE TYPE,,10/08/2016,200,200.0,200,200.0,MICHIGAN,,sml,ORANGE,Undefined,N
197,PUMPKINS,BOSTON,24 inch bins,PIE TYPE,,10/08/2016,170,180.0,175,175.0,PENNSYLVANIA,,sml,ORANGE,Undefined,N
198,PUMPKINS,BOSTON,24 inch bins,PIE TYPE,,10/15/2016,175,180.0,175,180.0,CANADA,ONTARIO,sml,ORANGE,Undefined,N
199,PUMPKINS,BOSTON,24 inch bins,PIE TYPE,,10/15/2016,190,200.0,190,200.0,MICHIGAN,,sml,ORANGE,Undefined,N
200,PUMPKINS,BOSTON,24 inch bins,PIE TYPE,,10/15/2016,170,180.0,175,175.0,PENNSYLVANIA,,sml,ORANGE,Undefined,N
201,PUMPKINS,BOSTON,24 inch bins,PIE TYPE,,10/15/2016,175,175.0,175,175.0,VERMONT,,sml,ORANGE,Undefined,N
202,PUMPKINS,BOSTON,24 inch bins,PIE TYPE,,10/22/2016,170,180.0,175,175.0,CANADA,ONTARIO,sml,ORANGE,Undefined,N
203,PUMPKINS,BOSTON,24 inch bins,PIE TYPE,,10/22/2016,150,175.0,150,160.0,MASSACHUSETTS,,sml,ORANGE,Undefined,N
204,PUMPKINS,BOSTON,24 inch bins,PIE TYPE,,10/22/2016,175,200.0,175,175.0,MICHIGAN,,sml,ORANGE,Undefined,N
205,PUMPKINS,BOSTON,24 inch bins,PIE TYPE,,10/22/2016,170,180.0,175,175.0,PENNSYLVANIA,,sml,ORANGE,Undefined,N
206,PUMPKINS,BOSTON,24 inch bins,PIE TYPE,,10/22/2016,175,175.0,175,175.0,VERMONT,,sml,ORANGE,Undefined,N
207,PUMPKINS,BOSTON,24 inch bins,PIE TYPE,,10/29/2016,170,180.0,175,175.0,CANADA,ONTARIO,sml,ORANGE,Undefined,N
208,PUMPKINS,BOSTON,24 inch bins,PIE TYPE,,10/29/2016,150,175.0,150,160.0,MASSACHUSETTS,,sml,ORANGE,Undefined,N
209,PUMPKINS,BOSTON,24 inch bins,PIE TYPE,,10/29/2016,175,200.0,175,175.0,MICHIGAN,,sml,ORANGE,Undefined,N
210,PUMPKINS,BOSTON,24 inch bins,PIE TYPE,,10/29/2016,170,180.0,175,175.0,PENNSYLVANIA,,sml,ORANGE,Undefined,N
211,PUMPKINS,BOSTON,24 inch bins,PIE TYPE,,10/29/2016,175,175.0,175,175.0,VERMONT,,sml,ORANGE,Undefined,N
212,PUMPKINS,BOSTON,24 inch bins,PIE TYPE,,11/12/2016,135,150.0,150,150.0,PENNSYLVANIA,,med,ORANGE,Undefined,N
213,PUMPKINS,BOSTON,24 inch bins,PIE TYPE,,11/19/2016,135,150.0,150,150.0,PENNSYLVANIA,,med,ORANGE,Undefined,N
214,PUMPKINS,BOSTON,24 inch bins,PIE TYPE,,11/26/2016,135,150.0,150,150.0,PENNSYLVANIA,,med,ORANGE,Undefined,N
215,PUMPKINS,BOSTON,36 inch bins,PIE TYPE,,09/24/2016,170,220.0,210,220.0,CANADA,QUEBEC,sml,ORANGE,Undefined,N
216,PUMPKINS,BOSTON,36 inch bins,PIE TYPE,,09/24/2016,250,300.0,275,275.0,MASSACHUSETTS,,med-lge,ORANGE,Undefined,N
217,PUMPKINS,BOSTON,36 inch bins,PIE TYPE,,09/24/2016,200,220.0,220,220.0,MASSACHUSETTS,,sml,ORANGE,Undefined,N
218,PUMPKINS,BOSTON,36 inch bins,PIE TYPE,,09/24/2016,260,280.0,270,270.0,MICHIGAN,,med-lge,ORANGE,Undefined,N
219,PUMPKINS,BOSTON,36 inch bins,PIE TYPE,,09/24/2016,180,225.0,200,225.0,PENNSYLVANIA,,med-lge,ORANGE,Undefined,N
220,PUMPKINS,BOSTON,36 inch bins,PIE TYPE,,09/24/2016,180,225.0,180,225.0,PENNSYLVANIA,,sml,ORANGE,Undefined,N
221,PUMPKINS,BOSTON,36 inch bins,PIE TYPE,,10/01/2016,170,220.0,210,220.0,CANADA,QUEBEC,sml,ORANGE,Undefined,N
222,PUMPKINS,BOSTON,36 inch bins,PIE TYPE,,10/01/2016,250,300.0,275,275.0,MASSACHUSETTS,,med-lge,ORANGE,Undefined,N
223,PUMPKINS,BOSTON,36 inch bins,PIE TYPE,,10/01/2016,200,220.0,220,220.0,MASSACHUSETTS,,sml,ORANGE,Undefined,N
224,PUMPKINS,BOSTON,36 inch bins,PIE TYPE,,10/01/2016,250,280.0,250,260.0,MICHIGAN,,med-lge,ORANGE,Undefined,N
225,PUMPKINS,BOSTON,36 inch bins,PIE TYPE,,10/01/2016,180,225.0,200,200.0,PENNSYLVANIA,,med-lge,ORANGE,Undefined,N
226,PUMPKINS,BOSTON,36 inch bins,PIE TYPE,,10/01/2016,180,225.0,180,180.0,PENNSYLVANIA,,sml,ORANGE,Undefined,N
227,PUMPKINS,BOSTON,36 inch bins,PIE TYPE,,10/08/2016,170,220.0,210,220.0,CANADA,QUEBEC,sml,ORANGE,Undefined,N
228,PUMPKINS,BOSTON,36 inch bins,PIE TYPE,,10/08/2016,250,300.0,275,275.0,MASSACHUSETTS,,med-lge,ORANGE,Undefined,N
229,PUMPKINS,BOSTON,36 inch bins,PIE TYPE,,10/08/2016,200,220.0,220,220.0,MASSACHUSETTS,,sml,ORANGE,Undefined,N
230,PUMPKINS,BOSTON,36 inch bins,PIE TYPE,,10/08/2016,250,280.0,250,260.0,MICHIGAN,,med-lge,ORANGE,Undefined,N
231,PUMPKINS,BOSTON,36 inch bins,PIE TYPE,,10/08/2016,180,225.0,200,200.0,PENNSYLVANIA,,med-lge,ORANGE,Undefined,N
232,PUMPKINS,BOSTON,36 inch bins,PIE TYPE,,10/08/2016,180,225.0,180,180.0,PENNSYLVANIA,,sml,ORANGE,Undefined,N
233,PUMPKINS,BOSTON,36 inch bins,PIE TYPE,,10/15/2016,170,220.0,210,220.0,CANADA,QUEBEC,sml,ORANGE,Undefined,N
234,PUMPKINS,BOSTON,36 inch bins,PIE TYPE,,10/15/2016,250,300.0,275,275.0,MASSACHUSETTS,,med-lge,ORANGE,Undefined,N
235,PUMPKINS,BOSTON,36 inch bins,PIE TYPE,,10/15/2016,200,220.0,220,220.0,MASSACHUSETTS,,sml,ORANGE,Undefined,N
236,PUMPKINS,BOSTON,36 inch bins,PIE TYPE,,10/15/2016,250,280.0,250,260.0,MICHIGAN,,med-lge,ORANGE,Undefined,N
237,PUMPKINS,BOSTON,36 inch bins,PIE TYPE,,10/15/2016,180,225.0,200,220.0,PENNSYLVANIA,,med-lge,ORANGE,Undefined,N
238,PUMPKINS,BOSTON,36 inch bins,PIE TYPE,,10/15/2016,180,225.0,180,180.0,PENNSYLVANIA,,sml,ORANGE,Undefined,N
239,PUMPKINS,BOSTON,36 inch bins,PIE TYPE,,10/15/2016,220,220.0,220,220.0,VERMONT,,sml,ORANGE,Undefined,N
240,PUMPKINS,BOSTON,36 inch bins,PIE TYPE,,10/22/2016,170,220.0,200,200.0,CANADA,QUEBEC,sml,ORANGE,Undefined,N
241,PUMPKINS,BOSTON,36 inch bins,PIE TYPE,,10/22/2016,250,300.0,260,275.0,MASSACHUSETTS,,med-lge,ORANGE,Undefined,N
242,PUMPKINS,BOSTON,36 inch bins,PIE TYPE,,10/22/2016,200,240.0,210,210.0,MASSACHUSETTS,,sml,ORANGE,Undefined,N
243,PUMPKINS,BOSTON,36 inch bins,PIE TYPE,,10/22/2016,250,280.0,250,255.0,MICHIGAN,,med-lge,ORANGE,Undefined,N
244,PUMPKINS,BOSTON,36 inch bins,PIE TYPE,,10/22/2016,180,225.0,200,210.0,PENNSYLVANIA,,med-lge,ORANGE,Undefined,N
245,PUMPKINS,BOSTON,36 inch bins,PIE TYPE,,10/22/2016,175,225.0,175,180.0,PENNSYLVANIA,,sml,ORANGE,Undefined,N
246,PUMPKINS,BOSTON,36 inch bins,PIE TYPE,,10/22/2016,200,220.0,200,210.0,VERMONT,,sml,ORANGE,Undefined,N
247,PUMPKINS,BOSTON,36 inch bins,PIE TYPE,,10/29/2016,170,220.0,200,200.0,CANADA,QUEBEC,sml,ORANGE,Undefined,N
248,PUMPKINS,BOSTON,36 inch bins,PIE TYPE,,10/29/2016,250,300.0,260,275.0,MASSACHUSETTS,,med-lge,ORANGE,Undefined,N
249,PUMPKINS,BOSTON,36 inch bins,PIE TYPE,,10/29/2016,200,240.0,210,210.0,MASSACHUSETTS,,sml,ORANGE,Undefined,N
250,PUMPKINS,BOSTON,36 inch bins,PIE TYPE,,10/29/2016,250,280.0,250,255.0,MICHIGAN,,med-lge,ORANGE,Undefined,N
251,PUMPKINS,BOSTON,36 inch bins,PIE TYPE,,10/29/2016,180,225.0,200,210.0,PENNSYLVANIA,,med-lge,ORANGE,Undefined,N
252,PUMPKINS,BOSTON,36 inch bins,PIE TYPE,,10/29/2016,175,225.0,175,180.0,PENNSYLVANIA,,sml,ORANGE,Undefined,N
253,PUMPKINS,BOSTON,36 inch bins,PIE TYPE,,10/29/2016,200,220.0,200,210.0,VERMONT,,sml,ORANGE,Undefined,N
254,PUMPKINS,BOSTON,36 inch bins,PIE TYPE,,11/05/2016,240,300.0,260,275.0,MASSACHUSETTS,,med-lge,ORANGE,Undefined,N
255,PUMPKINS,BOSTON,36 inch bins,PIE TYPE,,11/05/2016,190,240.0,210,210.0,MASSACHUSETTS,,sml,ORANGE,Undefined,N
256,PUMPKINS,BOSTON,36 inch bins,PIE TYPE,,11/05/2016,240,240.0,240,240.0,NEW YORK,,med-lge,ORANGE,Undefined,N
257,PUMPKINS,BOSTON,36 inch bins,PIE TYPE,,11/05/2016,190,190.0,190,190.0,PENNSYLVANIA,,med-lge,ORANGE,Undefined,N
258,PUMPKINS,BOSTON,36 inch bins,PIE TYPE,,11/12/2016,200,240.0,200,220.0,MASSACHUSETTS,,med-lge,ORANGE,Undefined,N
259,PUMPKINS,BOSTON,36 inch bins,PIE TYPE,,11/12/2016,200,240.0,200,220.0,NEW YORK,,med-lge,ORANGE,Undefined,N
260,PUMPKINS,BOSTON,36 inch bins,PIE TYPE,,11/12/2016,200,240.0,200,220.0,PENNSYLVANIA,,med-lge,ORANGE,Undefined,N
261,PUMPKINS,BOSTON,36 inch bins,PIE TYPE,,11/19/2016,200,220.0,200,200.0,MASSACHUSETTS,,med-lge,ORANGE,Undefined,N
262,PUMPKINS,BOSTON,36 inch bins,PIE TYPE,,11/19/2016,200,220.0,200,200.0,NEW YORK,,med-lge,ORANGE,Undefined,N
263,PUMPKINS,BOSTON,36 inch bins,PIE TYPE,,11/19/2016,200,220.0,200,200.0,PENNSYLVANIA,,med-lge,ORANGE,Undefined,N
264,PUMPKINS,BOSTON,36 inch bins,PIE TYPE,,11/26/2016,200,220.0,200,200.0,MASSACHUSETTS,,med-lge,ORANGE,Undefined,N
265,PUMPKINS,BOSTON,36 inch bins,PIE TYPE,,11/26/2016,200,220.0,200,200.0,NEW YORK,,med-lge,ORANGE,Undefined,N
266,PUMPKINS,BOSTON,36 inch bins,PIE TYPE,,11/26/2016,200,220.0,200,200.0,PENNSYLVANIA,,med-lge,ORANGE,Undefined,N
267,PUMPKINS,BOSTON,36 inch bins,PIE TYPE,,09/02/2017,300,300.0,300,300.0,MASSACHUSETTS,,,,PER BIN,N
268,PUMPKINS,BOSTON,36 inch bins,PIE TYPE,,09/09/2017,300,300.0,300,300.0,MASSACHUSETTS,,,,PER BIN,N
269,PUMPKINS,BOSTON,36 inch bins,PIE TYPE,,09/09/2017,200,200.0,200,200.0,PENNSYLVANIA,,,,PER BIN,N
270,PUMPKINS,BOSTON,36 inch bins,PIE TYPE,,09/16/2017,270,300.0,280,300.0,MASSACHUSETTS,,med-lge,,PER BIN,N
271,PUMPKINS,BOSTON,36 inch bins,PIE TYPE,,09/16/2017,270,300.0,280,300.0,PENNSYLVANIA,,xlge,,PER BIN,N
272,PUMPKINS,BOSTON,36 inch bins,PIE TYPE,,09/16/2017,270,300.0,280,300.0,PENNSYLVANIA,,med-lge,,PER BIN,N
273,PUMPKINS,BOSTON,36 inch bins,PIE TYPE,,09/23/2017,270,300.0,280,300.0,MASSACHUSETTS,,med-lge,,PER BIN,N
274,PUMPKINS,BOSTON,36 inch bins,PIE TYPE,,09/23/2017,270,300.0,280,300.0,PENNSYLVANIA,,xlge,,PER BIN,N
275,PUMPKINS,BOSTON,36 inch bins,PIE TYPE,,09/23/2017,270,300.0,280,300.0,PENNSYLVANIA,,med-lge,,PER BIN,N
276,PUMPKINS,BOSTON,36 inch bins,PIE TYPE,,09/30/2017,270,300.0,280,300.0,MASSACHUSETTS,,med-lge,,PER BIN,N
277,PUMPKINS,BOSTON,36 inch bins,PIE TYPE,,09/30/2017,270,300.0,280,300.0,PENNSYLVANIA,,xlge,,PER BIN,N
278,PUMPKINS,BOSTON,36 inch bins,PIE TYPE,,09/30/2017,270,300.0,280,300.0,PENNSYLVANIA,,med-lge,,PER BIN,N
279,PUMPKINS,BOSTON,bushel cartons,PIE TYPE,,09/23/2017,20,24.0,24,24.0,MASSACHUSETTS,,med-lge,,Undefined,N
280,PUMPKINS,BOSTON,bushel cartons,PIE TYPE,,09/30/2017,20,24.0,24,24.0,MASSACHUSETTS,,med-lge,,Undefined,N
281,PUMPKINS,BOSTON,24 inch bins,BLUE TYPE,,09/24/2016,260,285.0,285,285.0,MASSACHUSETTS,,xlge,ORANGE,Undefined,N
282,PUMPKINS,BOSTON,24 inch bins,BLUE TYPE,,10/01/2016,260,285.0,285,285.0,MASSACHUSETTS,,xlge,ORANGE,Undefined,N
283,PUMPKINS,BOSTON,24 inch bins,BLUE TYPE,,10/08/2016,260,285.0,285,285.0,MASSACHUSETTS,,xlge,ORANGE,Undefined,N
284,PUMPKINS,BOSTON,24 inch bins,BLUE TYPE,,10/15/2016,260,285.0,285,285.0,MASSACHUSETTS,,xlge,ORANGE,Undefined,N
285,PUMPKINS,BOSTON,24 inch bins,BLUE TYPE,,10/22/2016,260,285.0,285,285.0,MASSACHUSETTS,,xlge,ORANGE,Undefined,N
286,PUMPKINS,BOSTON,24 inch bins,BLUE TYPE,,10/29/2016,260,285.0,285,285.0,MASSACHUSETTS,,xlge,ORANGE,Undefined,N
287,PUMPKINS,BOSTON,24 inch bins,BLUE TYPE,,11/05/2016,260,285.0,285,285.0,MASSACHUSETTS,,xlge,ORANGE,Undefined,N
288,PUMPKINS,BOSTON,24 inch bins,KNUCKLE HEAD,,09/24/2016,260,285.0,285,285.0,MASSACHUSETTS,,xlge,ORANGE,Undefined,N
289,PUMPKINS,BOSTON,24 inch bins,KNUCKLE HEAD,,10/01/2016,260,285.0,285,285.0,MASSACHUSETTS,,xlge,ORANGE,Undefined,N
290,PUMPKINS,BOSTON,24 inch bins,KNUCKLE HEAD,,10/08/2016,260,285.0,285,285.0,MASSACHUSETTS,,xlge,ORANGE,Undefined,N
291,PUMPKINS,BOSTON,24 inch bins,KNUCKLE HEAD,,10/15/2016,260,285.0,285,285.0,MASSACHUSETTS,,xlge,ORANGE,Undefined,N
292,PUMPKINS,BOSTON,24 inch bins,KNUCKLE HEAD,,10/22/2016,260,285.0,285,285.0,MASSACHUSETTS,,xlge,ORANGE,Undefined,N
293,PUMPKINS,BOSTON,24 inch bins,KNUCKLE HEAD,,10/29/2016,260,285.0,285,285.0,MASSACHUSETTS,,xlge,ORANGE,Undefined,N
294,PUMPKINS,BOSTON,24 inch bins,KNUCKLE HEAD,,11/05/2016,260,285.0,285,285.0,MASSACHUSETTS,,xlge,ORANGE,Undefined,N
295,PUMPKINS,BOSTON,24 inch bins,BIG MACK TYPE,,09/24/2016,260,285.0,285,285.0,MASSACHUSETTS,,xlge,ORANGE,Undefined,N
296,PUMPKINS,BOSTON,24 inch bins,BIG MACK TYPE,,10/01/2016,260,285.0,285,285.0,MASSACHUSETTS,,xlge,ORANGE,Undefined,N
297,PUMPKINS,BOSTON,24 inch bins,BIG MACK TYPE,,10/08/2016,260,285.0,285,285.0,MASSACHUSETTS,,xlge,ORANGE,Undefined,N
298,PUMPKINS,BOSTON,24 inch bins,BIG MACK TYPE,,10/15/2016,260,285.0,285,285.0,MASSACHUSETTS,,xlge,ORANGE,Undefined,N
299,PUMPKINS,BOSTON,24 inch bins,BIG MACK TYPE,,10/22/2016,260,285.0,285,285.0,MASSACHUSETTS,,xlge,ORANGE,Undefined,N
300,PUMPKINS,BOSTON,24 inch bins,BIG MACK TYPE,,10/29/2016,260,285.0,285,285.0,MASSACHUSETTS,,xlge,ORANGE,Undefined,N
301,PUMPKINS,BOSTON,24 inch bins,BIG MACK TYPE,,11/05/2016,260,285.0,285,285.0,MASSACHUSETTS,,xlge,ORANGE,Undefined,N
302,PUMPKINS,BOSTON,36 inch bins,BIG MACK TYPE,,09/09/2017,175,175.0,175,175.0,MASSACHUSETTS,,,,PER BIN,N
303,PUMPKINS,BOSTON,36 inch bins,BIG MACK TYPE,,09/16/2017,200,225.0,225,225.0,MASSACHUSETTS,,jbo,,PER BIN,N
304,PUMPKINS,BOSTON,36 inch bins,BIG MACK TYPE,,09/16/2017,175,200.0,200,200.0,MASSACHUSETTS,,xlge,,PER BIN,N
305,PUMPKINS,BOSTON,36 inch bins,BIG MACK TYPE,,09/16/2017,175,200.0,200,200.0,MASSACHUSETTS,,lge,,PER BIN,N
306,PUMPKINS,BOSTON,36 inch bins,BIG MACK TYPE,,09/16/2017,175,200.0,200,200.0,MASSACHUSETTS,,med,,PER BIN,N
307,PUMPKINS,BOSTON,36 inch bins,BIG MACK TYPE,,09/16/2017,175,200.0,175,175.0,MASSACHUSETTS,,sml,,PER BIN,N
308,PUMPKINS,BOSTON,36 inch bins,BIG MACK TYPE,,09/16/2017,200,225.0,225,225.0,PENNSYLVANIA,,jbo,,PER BIN,N
309,PUMPKINS,BOSTON,36 inch bins,BIG MACK TYPE,,09/16/2017,175,200.0,200,200.0,PENNSYLVANIA,,xlge,,PER BIN,N
310,PUMPKINS,BOSTON,36 inch bins,BIG MACK TYPE,,09/23/2017,200,225.0,210,225.0,MASSACHUSETTS,,jbo,,PER BIN,N
311,PUMPKINS,BOSTON,36 inch bins,BIG MACK TYPE,,09/23/2017,175,200.0,185,200.0,MASSACHUSETTS,,xlge,,PER BIN,N
312,PUMPKINS,BOSTON,36 inch bins,BIG MACK TYPE,,09/23/2017,175,200.0,175,200.0,MASSACHUSETTS,,lge,,PER BIN,N
313,PUMPKINS,BOSTON,36 inch bins,BIG MACK TYPE,,09/23/2017,175,200.0,175,200.0,MASSACHUSETTS,,med,,PER BIN,N
314,PUMPKINS,BOSTON,36 inch bins,BIG MACK TYPE,,09/23/2017,175,200.0,175,175.0,MASSACHUSETTS,,sml,,PER BIN,N
315,PUMPKINS,BOSTON,36 inch bins,BIG MACK TYPE,,09/23/2017,200,225.0,225,225.0,PENNSYLVANIA,,jbo,,PER BIN,N
316,PUMPKINS,BOSTON,36 inch bins,BIG MACK TYPE,,09/23/2017,175,200.0,185,200.0,PENNSYLVANIA,,xlge,,PER BIN,N
317,PUMPKINS,BOSTON,36 inch bins,BIG MACK TYPE,,09/30/2017,200,225.0,210,225.0,MASSACHUSETTS,,jbo,,PER BIN,N
318,PUMPKINS,BOSTON,36 inch bins,BIG MACK TYPE,,09/30/2017,175,200.0,185,200.0,MASSACHUSETTS,,xlge,,PER BIN,N
319,PUMPKINS,BOSTON,36 inch bins,BIG MACK TYPE,,09/30/2017,175,200.0,175,190.0,MASSACHUSETTS,,lge,,PER BIN,N
320,PUMPKINS,BOSTON,36 inch bins,BIG MACK TYPE,,09/30/2017,175,200.0,175,185.0,MASSACHUSETTS,,med,,PER BIN,N
321,PUMPKINS,BOSTON,36 inch bins,BIG MACK TYPE,,09/30/2017,175,200.0,175,175.0,MASSACHUSETTS,,sml,,PER BIN,N
322,PUMPKINS,BOSTON,36 inch bins,BIG MACK TYPE,,09/30/2017,200,225.0,225,225.0,PENNSYLVANIA,,jbo,,PER BIN,N
323,PUMPKINS,BOSTON,36 inch bins,BIG MACK TYPE,,09/30/2017,175,200.0,185,200.0,PENNSYLVANIA,,xlge,,PER BIN,N
324,PUMPKINS,BOSTON,1/2 bushel cartons,MINIATURE,FLAT TYPE,09/24/2016,15,18.0,15,15.0,MASSACHUSETTS,,sml,WHITE,Undefined,N
325,PUMPKINS,BOSTON,1/2 bushel cartons,MINIATURE,FLAT TYPE,09/24/2016,15,18.0,15,15.0,MASSACHUSETTS,,sml,ORANGE,Undefined,N
326,PUMPKINS,BOSTON,1/2 bushel cartons,MINIATURE,FLAT TYPE,10/01/2016,15,18.0,15,15.0,MASSACHUSETTS,,sml,WHITE,Undefined,N
327,PUMPKINS,BOSTON,1/2 bushel cartons,MINIATURE,FLAT TYPE,10/01/2016,15,18.0,15,15.0,MASSACHUSETTS,,sml,ORANGE,Undefined,N
328,PUMPKINS,BOSTON,1/2 bushel cartons,MINIATURE,FLAT TYPE,10/08/2016,15,18.0,15,15.0,MASSACHUSETTS,,sml,ORANGE,Undefined,N
329,PUMPKINS,BOSTON,1/2 bushel cartons,MINIATURE,FLAT TYPE,10/08/2016,15,18.0,15,15.0,MASSACHUSETTS,,sml,WHITE,Undefined,N
330,PUMPKINS,BOSTON,1/2 bushel cartons,MINIATURE,FLAT TYPE,10/15/2016,15,18.0,15,15.0,MASSACHUSETTS,,sml,ORANGE,Undefined,N
331,PUMPKINS,BOSTON,1/2 bushel cartons,MINIATURE,FLAT TYPE,10/15/2016,15,18.0,15,15.0,MASSACHUSETTS,,sml,WHITE,Undefined,N
332,PUMPKINS,BOSTON,1/2 bushel cartons,MINIATURE,FLAT TYPE,10/22/2016,15,18.0,15,15.0,MASSACHUSETTS,,sml,WHITE,Undefined,N
333,PUMPKINS,BOSTON,1/2 bushel cartons,MINIATURE,FLAT TYPE,10/22/2016,15,18.0,15,15.0,MASSACHUSETTS,,sml,ORANGE,Undefined,N
334,PUMPKINS,BOSTON,1/2 bushel cartons,MINIATURE,FLAT TYPE,10/29/2016,15,18.0,15,15.0,MASSACHUSETTS,,sml,WHITE,Undefined,N
335,PUMPKINS,BOSTON,1/2 bushel cartons,MINIATURE,FLAT TYPE,10/29/2016,15,18.0,15,15.0,MASSACHUSETTS,,sml,ORANGE,Undefined,N
336,PUMPKINS,BOSTON,1/2 bushel cartons,MINIATURE,FLAT TYPE,11/05/2016,15,18.0,15,15.0,MASSACHUSETTS,,sml,ORANGE,Undefined,N
337,PUMPKINS,BOSTON,1/2 bushel cartons,MINIATURE,FLAT TYPE,11/05/2016,15,18.0,15,15.0,MASSACHUSETTS,,sml,WHITE,Undefined,N
338,PUMPKINS,BOSTON,1/2 bushel cartons,MINIATURE,ROUND TYPE,09/24/2016,15,18.0,15,15.0,MASSACHUSETTS,,sml,WHITE,Undefined,N
339,PUMPKINS,BOSTON,1/2 bushel cartons,MINIATURE,ROUND TYPE,09/24/2016,15,18.0,15,15.0,MASSACHUSETTS,,sml,ORANGE,Undefined,N
340,PUMPKINS,BOSTON,1/2 bushel cartons,MINIATURE,ROUND TYPE,10/01/2016,15,18.0,15,15.0,MASSACHUSETTS,,sml,WHITE,Undefined,N
341,PUMPKINS,BOSTON,1/2 bushel cartons,MINIATURE,ROUND TYPE,10/01/2016,15,18.0,15,15.0,MASSACHUSETTS,,sml,ORANGE,Undefined,N
342,PUMPKINS,BOSTON,1/2 bushel cartons,MINIATURE,ROUND TYPE,10/08/2016,15,18.0,15,15.0,MASSACHUSETTS,,sml,WHITE,Undefined,N
343,PUMPKINS,BOSTON,1/2 bushel cartons,MINIATURE,ROUND TYPE,10/08/2016,15,18.0,15,15.0,MASSACHUSETTS,,sml,ORANGE,Undefined,N
344,PUMPKINS,BOSTON,1/2 bushel cartons,MINIATURE,ROUND TYPE,10/15/2016,15,18.0,15,15.0,MASSACHUSETTS,,sml,ORANGE,Undefined,N
345,PUMPKINS,BOSTON,1/2 bushel cartons,MINIATURE,ROUND TYPE,10/15/2016,15,18.0,15,15.0,MASSACHUSETTS,,sml,WHITE,Undefined,N
346,PUMPKINS,BOSTON,1/2 bushel cartons,MINIATURE,ROUND TYPE,10/22/2016,15,18.0,15,15.0,MASSACHUSETTS,,sml,WHITE,Undefined,N
347,PUMPKINS,BOSTON,1/2 bushel cartons,MINIATURE,ROUND TYPE,10/22/2016,15,18.0,15,15.0,MASSACHUSETTS,,sml,ORANGE,Undefined,N
348,PUMPKINS,BOSTON,1/2 bushel cartons,MINIATURE,ROUND TYPE,10/29/2016,15,18.0,15,15.0,MASSACHUSETTS,,sml,WHITE,Undefined,N
349,PUMPKINS,BOSTON,1/2 bushel cartons,MINIATURE,ROUND TYPE,10/29/2016,15,18.0,15,15.0,MASSACHUSETTS,,sml,ORANGE,Undefined,N
350,PUMPKINS,BOSTON,1/2 bushel cartons,MINIATURE,ROUND TYPE,11/05/2016,15,18.0,15,15.0,MASSACHUSETTS,,sml,WHITE,Undefined,N
351,PUMPKINS,BOSTON,1/2 bushel cartons,MINIATURE,ROUND TYPE,11/05/2016,15,18.0,15,15.0,MASSACHUSETTS,,sml,ORANGE,Undefined,N
0,PUMPKINS,NEW YORK,36 inch bins,HOWDEN TYPE,,09/24/2016,150,170.0,150,170.0,MICHIGAN,,xlge,,Undefined,N
1,PUMPKINS,NEW YORK,36 inch bins,HOWDEN TYPE,,09/24/2016,150,170.0,150,170.0,MICHIGAN,,lge,,Undefined,N
2,PUMPKINS,NEW YORK,36 inch bins,HOWDEN TYPE,,09/24/2016,130,150.0,130,150.0,NEW JERSEY,,xlge,,Undefined,N
3,PUMPKINS,NEW YORK,36 inch bins,HOWDEN TYPE,,09/24/2016,130,150.0,130,150.0,NEW JERSEY,,lge,,Undefined,N
4,PUMPKINS,NEW YORK,36 inch bins,HOWDEN TYPE,,09/24/2016,120,140.0,120,140.0,NEW YORK,,med-lge,,Undefined,N
5,PUMPKINS,NEW YORK,36 inch bins,HOWDEN TYPE,,09/24/2016,150,170.0,150,170.0,PENNSYLVANIA,,xlge,,Undefined,N
6,PUMPKINS,NEW YORK,36 inch bins,HOWDEN TYPE,,09/24/2016,120,170.0,120,170.0,PENNSYLVANIA,,lge,,Undefined,N
7,PUMPKINS,NEW YORK,36 inch bins,HOWDEN TYPE,,09/24/2016,180,190.0,180,190.0,PENNSYLVANIA,,med,,Undefined,N
8,PUMPKINS,NEW YORK,36 inch bins,HOWDEN TYPE,,10/01/2016,150,170.0,150,170.0,MICHIGAN,,xlge,,Undefined,N
9,PUMPKINS,NEW YORK,36 inch bins,HOWDEN TYPE,,10/01/2016,150,170.0,150,170.0,MICHIGAN,,lge,,Undefined,N
10,PUMPKINS,NEW YORK,36 inch bins,HOWDEN TYPE,,10/01/2016,140,140.0,140,140.0,NEW JERSEY,,xlge,,Undefined,N
11,PUMPKINS,NEW YORK,36 inch bins,HOWDEN TYPE,,10/01/2016,140,140.0,140,140.0,NEW YORK,,med-lge,,Undefined,N
12,PUMPKINS,NEW YORK,36 inch bins,HOWDEN TYPE,,10/01/2016,150,170.0,150,170.0,PENNSYLVANIA,,xlge,,Undefined,N
13,PUMPKINS,NEW YORK,36 inch bins,HOWDEN TYPE,,10/01/2016,160,170.0,160,170.0,PENNSYLVANIA,,lge,,Undefined,N
14,PUMPKINS,NEW YORK,36 inch bins,HOWDEN TYPE,,10/08/2016,160,180.0,160,180.0,MICHIGAN,,xlge,,Undefined,N
15,PUMPKINS,NEW YORK,36 inch bins,HOWDEN TYPE,,10/08/2016,175,175.0,175,175.0,MICHIGAN,,lge,,Undefined,N
16,PUMPKINS,NEW YORK,36 inch bins,HOWDEN TYPE,,10/08/2016,140,150.0,140,150.0,NEW JERSEY,,xlge,,Undefined,N
17,PUMPKINS,NEW YORK,36 inch bins,HOWDEN TYPE,,10/08/2016,160,160.0,160,160.0,NEW YORK,ORANGE COUNTY NEW YORK,xlge,,Undefined,N
18,PUMPKINS,NEW YORK,36 inch bins,HOWDEN TYPE,,10/08/2016,120,140.0,120,140.0,PENNSYLVANIA,,xlge,,Undefined,N
19,PUMPKINS,NEW YORK,36 inch bins,HOWDEN TYPE,,10/15/2016,120,130.0,120,130.0,NEW JERSEY,,xlge,,Undefined,N
20,PUMPKINS,NEW YORK,36 inch bins,HOWDEN TYPE,,10/15/2016,160,160.0,160,160.0,NEW YORK,ORANGE COUNTY NEW YORK,xlge,,Undefined,N
21,PUMPKINS,NEW YORK,36 inch bins,HOWDEN TYPE,,10/22/2016,120,130.0,120,130.0,NEW JERSEY,,xlge,,Undefined,N
22,PUMPKINS,NEW YORK,36 inch bins,HOWDEN TYPE,,10/22/2016,160,160.0,160,160.0,NEW YORK,ORANGE COUNTY NEW YORK,xlge,,Undefined,N
23,PUMPKINS,NEW YORK,36 inch bins,HOWDEN TYPE,,10/29/2016,120,130.0,120,130.0,NEW JERSEY,,xlge,,Undefined,N
24,PUMPKINS,NEW YORK,36 inch bins,HOWDEN TYPE,,10/29/2016,130,130.0,130,130.0,OHIO,,xlge,,Undefined,N
25,PUMPKINS,NEW YORK,36 inch bins,HOWDEN TYPE,,11/05/2016,100,150.0,100,150.0,NEW JERSEY,,xlge,,Undefined,N
26,PUMPKINS,NEW YORK,36 inch bins,HOWDEN TYPE,,09/16/2017,140,150.0,140,150.0,NEW JERSEY,,xlge,,PER BIN,N
27,PUMPKINS,NEW YORK,36 inch bins,HOWDEN TYPE,,09/16/2017,140,160.0,140,160.0,NEW JERSEY,,lge,,PER BIN,N
28,PUMPKINS,NEW YORK,36 inch bins,HOWDEN TYPE,,09/16/2017,150,150.0,150,150.0,NEW YORK,WESTERN SECTION,lge,,PER BIN,N
29,PUMPKINS,NEW YORK,36 inch bins,HOWDEN TYPE,,09/16/2017,160,180.0,160,180.0,PENNSYLVANIA,,xlge,,PER BIN,N
30,PUMPKINS,NEW YORK,36 inch bins,HOWDEN TYPE,,09/16/2017,160,180.0,160,180.0,PENNSYLVANIA,,lge,,PER BIN,N
31,PUMPKINS,NEW YORK,36 inch bins,HOWDEN TYPE,,09/23/2017,140,150.0,145,150.0,NEW JERSEY,,xlge,,PER BIN,N
32,PUMPKINS,NEW YORK,36 inch bins,HOWDEN TYPE,,09/23/2017,150,150.0,150,150.0,NEW YORK,WESTERN SECTION,lge,,PER BIN,N
33,PUMPKINS,NEW YORK,36 inch bins,HOWDEN TYPE,,09/23/2017,160,180.0,160,180.0,PENNSYLVANIA,,xlge,,PER BIN,N
34,PUMPKINS,NEW YORK,36 inch bins,HOWDEN TYPE,,09/23/2017,160,180.0,160,180.0,PENNSYLVANIA,,lge,,PER BIN,N
35,PUMPKINS,NEW YORK,36 inch bins,HOWDEN TYPE,,09/30/2017,130,150.0,130,150.0,NEW JERSEY,,xlge,,PER BIN,N
36,PUMPKINS,NEW YORK,36 inch bins,HOWDEN TYPE,,09/30/2017,150,150.0,150,150.0,NEW YORK,WESTERN SECTION,lge,,PER BIN,N
37,PUMPKINS,NEW YORK,36 inch bins,HOWDEN TYPE,,09/30/2017,140,180.0,140,180.0,PENNSYLVANIA,,xlge,,PER BIN,N
38,PUMPKINS,NEW YORK,36 inch bins,HOWDEN TYPE,,09/30/2017,140,180.0,140,180.0,PENNSYLVANIA,,lge,,PER BIN,N
39,PUMPKINS,NEW YORK,1 1/9 bushel cartons,PIE TYPE,,09/24/2016,16,18.0,16,18.0,OHIO,,med,,Undefined,N
40,PUMPKINS,NEW YORK,1 1/9 bushel cartons,PIE TYPE,,10/01/2016,16,18.0,16,18.0,OHIO,,med,,Undefined,N
41,PUMPKINS,NEW YORK,1 1/9 bushel cartons,PIE TYPE,,10/08/2016,16,18.0,16,18.0,OHIO,,med,,Undefined,N
42,PUMPKINS,NEW YORK,1 1/9 bushel cartons,PIE TYPE,,10/15/2016,16,18.0,16,18.0,OHIO,,med,,Undefined,N
43,PUMPKINS,NEW YORK,1 1/9 bushel cartons,PIE TYPE,,10/22/2016,16,18.0,16,18.0,OHIO,,med,,Undefined,N
44,PUMPKINS,NEW YORK,1 1/9 bushel cartons,PIE TYPE,,10/29/2016,16,18.0,16,18.0,OHIO,,med,,Undefined,N
45,PUMPKINS,NEW YORK,1 1/9 bushel cartons,PIE TYPE,,11/05/2016,16,18.0,16,18.0,OHIO,,med,,Undefined,N
46,PUMPKINS,NEW YORK,24 inch bins,PIE TYPE,,09/24/2016,130,150.0,130,150.0,NEW JERSEY,,lge,,Undefined,N
47,PUMPKINS,NEW YORK,24 inch bins,PIE TYPE,,10/01/2016,130,140.0,140,140.0,NEW JERSEY,,lge,,Undefined,N
48,PUMPKINS,NEW YORK,24 inch bins,PIE TYPE,,10/08/2016,120,140.0,120,140.0,NEW JERSEY,,med-lge,,Undefined,N
49,PUMPKINS,NEW YORK,24 inch bins,PIE TYPE,,10/08/2016,180,200.0,180,200.0,NEW JERSEY,,med,,Undefined,N
50,PUMPKINS,NEW YORK,24 inch bins,PIE TYPE,,10/08/2016,180,200.0,180,200.0,OHIO,,med,,Undefined,N
51,PUMPKINS,NEW YORK,24 inch bins,PIE TYPE,,10/15/2016,120,130.0,120,130.0,NEW JERSEY,,med-lge,,Undefined,N
52,PUMPKINS,NEW YORK,24 inch bins,PIE TYPE,,10/15/2016,130,130.0,130,130.0,PENNSYLVANIA,,med-lge,,Undefined,N
53,PUMPKINS,NEW YORK,24 inch bins,PIE TYPE,,10/22/2016,120,130.0,120,130.0,NEW JERSEY,,med-lge,,Undefined,N
54,PUMPKINS,NEW YORK,24 inch bins,PIE TYPE,,10/22/2016,130,130.0,130,130.0,PENNSYLVANIA,,med-lge,,Undefined,N
55,PUMPKINS,NEW YORK,24 inch bins,PIE TYPE,,10/29/2016,120,130.0,120,130.0,NEW JERSEY,,med-lge,,Undefined,N
56,PUMPKINS,NEW YORK,24 inch bins,PIE TYPE,,10/29/2016,130,130.0,130,130.0,PENNSYLVANIA,,med-lge,,Undefined,N
57,PUMPKINS,NEW YORK,24 inch bins,PIE TYPE,,09/09/2017,250,250.0,250,250.0,PENNSYLVANIA,,,,Undefined,N
58,PUMPKINS,NEW YORK,24 inch bins,PIE TYPE,,09/16/2017,135,140.0,135,140.0,NEW JERSEY,,,ORANGE,PER BIN,N
59,PUMPKINS,NEW YORK,24 inch bins,PIE TYPE,,09/16/2017,180,200.0,180,200.0,NEW JERSEY,,,WHITE,PER BIN,N
60,PUMPKINS,NEW YORK,24 inch bins,PIE TYPE,,09/16/2017,120,150.0,120,150.0,NEW JERSEY,,lge,ORANGE,PER BIN,N
61,PUMPKINS,NEW YORK,24 inch bins,PIE TYPE,,09/16/2017,140,140.0,140,140.0,PENNSYLVANIA,,lge,ORANGE,PER BIN,N
62,PUMPKINS,NEW YORK,24 inch bins,PIE TYPE,,09/23/2017,120,140.0,120,140.0,NEW JERSEY,,lge,ORANGE,PER BIN,N
63,PUMPKINS,NEW YORK,24 inch bins,PIE TYPE,,09/23/2017,140,140.0,140,140.0,PENNSYLVANIA,,lge,ORANGE,PER BIN,N
64,PUMPKINS,NEW YORK,24 inch bins,PIE TYPE,,09/30/2017,120,140.0,120,140.0,NEW JERSEY,,lge,ORANGE,PER BIN,N
65,PUMPKINS,NEW YORK,24 inch bins,PIE TYPE,,09/30/2017,150,150.0,150,150.0,NEW YORK,,lge,ORANGE,PER BIN,N
66,PUMPKINS,NEW YORK,24 inch bins,PIE TYPE,,09/30/2017,140,140.0,140,140.0,PENNSYLVANIA,,lge,ORANGE,PER BIN,N
67,PUMPKINS,NEW YORK,36 inch bins,PIE TYPE,,09/24/2016,200,225.0,200,225.0,MICHIGAN,,lge,,Undefined,N
68,PUMPKINS,NEW YORK,36 inch bins,PIE TYPE,,10/01/2016,200,225.0,200,225.0,MICHIGAN,,lge,,Undefined,N
69,PUMPKINS,NEW YORK,36 inch bins,PIE TYPE,,10/01/2016,260,300.0,260,300.0,PENNSYLVANIA,,med,,Undefined,N
70,PUMPKINS,NEW YORK,36 inch bins,PIE TYPE,,10/08/2016,260,260.0,260,260.0,NEW YORK,ORANGE COUNTY NEW YORK,med,,Undefined,N
71,PUMPKINS,NEW YORK,36 inch bins,PIE TYPE,,10/08/2016,220,220.0,220,220.0,OHIO,,sml,,Undefined,N
72,PUMPKINS,NEW YORK,36 inch bins,PIE TYPE,,10/15/2016,260,260.0,260,260.0,NEW YORK,ORANGE COUNTY NEW YORK,med,,Undefined,N
73,PUMPKINS,NEW YORK,36 inch bins,PIE TYPE,,10/22/2016,260,260.0,260,260.0,NEW YORK,ORANGE COUNTY NEW YORK,med,,Undefined,N
74,PUMPKINS,NEW YORK,36 inch bins,PIE TYPE,,09/16/2017,200,200.0,200,200.0,PENNSYLVANIA,,lge,ORANGE,PER BIN,N
75,PUMPKINS,NEW YORK,36 inch bins,PIE TYPE,,09/23/2017,200,200.0,200,200.0,PENNSYLVANIA,,lge,ORANGE,PER BIN,N
76,PUMPKINS,NEW YORK,36 inch bins,PIE TYPE,,09/30/2017,200,265.0,200,265.0,PENNSYLVANIA,,lge,ORANGE,PER BIN,N
77,PUMPKINS,NEW YORK,bushel cartons,PIE TYPE,,09/09/2017,18,20.0,18,20.0,OHIO,,,,Undefined,N
78,PUMPKINS,NEW YORK,bushel cartons,PIE TYPE,,09/16/2017,18,20.0,18,18.0,OHIO,,,,Undefined,N
79,PUMPKINS,NEW YORK,bushel cartons,PIE TYPE,,09/23/2017,18,20.0,18,18.0,OHIO,,,,Undefined,N
80,PUMPKINS,NEW YORK,bushel cartons,PIE TYPE,,09/30/2017,18,20.0,18,18.0,OHIO,,,,Undefined,N
81,PUMPKINS,NEW YORK,36 inch bins,KNUCKLE HEAD,,10/08/2016,120,140.0,120,140.0,PENNSYLVANIA,,xlge,,Undefined,N
82,PUMPKINS,NEW YORK,each,BIG MACK TYPE,,09/24/2016,75,80.0,75,80.0,NEW JERSEY,,exjbo,,Undefined,N
83,PUMPKINS,NEW YORK,each,BIG MACK TYPE,,10/01/2016,75,80.0,75,80.0,NEW JERSEY,,exjbo,,Undefined,N
84,PUMPKINS,NEW YORK,24 inch bins,MIXED HEIRLOOM VARIETIES,,10/08/2016,200,200.0,200,200.0,MICHIGAN,,,,Undefined,N
85,PUMPKINS,NEW YORK,1/2 bushel cartons,MINIATURE,FLAT TYPE,09/24/2016,15,18.0,15,18.0,OHIO,,sml,,Undefined,N
86,PUMPKINS,NEW YORK,1/2 bushel cartons,MINIATURE,FLAT TYPE,09/24/2016,20,20.0,20,20.0,OHIO,,sml,WHITE,Undefined,N
87,PUMPKINS,NEW YORK,1/2 bushel cartons,MINIATURE,FLAT TYPE,10/01/2016,15,18.0,15,18.0,OHIO,,sml,,Undefined,N
88,PUMPKINS,NEW YORK,1/2 bushel cartons,MINIATURE,FLAT TYPE,10/01/2016,20,20.0,20,20.0,OHIO,,sml,WHITE,Undefined,N
89,PUMPKINS,NEW YORK,1/2 bushel cartons,MINIATURE,FLAT TYPE,10/08/2016,18,18.0,18,18.0,OHIO,,sml,,Undefined,N
90,PUMPKINS,NEW YORK,1/2 bushel cartons,MINIATURE,FLAT TYPE,10/08/2016,20,20.0,20,20.0,OHIO,,sml,WHITE,Undefined,N
91,PUMPKINS,NEW YORK,1/2 bushel cartons,MINIATURE,FLAT TYPE,10/15/2016,15,18.0,15,18.0,OHIO,,sml,,Undefined,N
92,PUMPKINS,NEW YORK,1/2 bushel cartons,MINIATURE,FLAT TYPE,10/15/2016,18,20.0,18,20.0,OHIO,,sml,WHITE,Undefined,N
93,PUMPKINS,NEW YORK,1/2 bushel cartons,MINIATURE,FLAT TYPE,10/22/2016,18,20.0,18,20.0,OHIO,,sml,WHITE,Undefined,N
94,PUMPKINS,NEW YORK,1/2 bushel cartons,MINIATURE,FLAT TYPE,10/22/2016,15,18.0,15,18.0,OHIO,,sml,,Undefined,N
95,PUMPKINS,NEW YORK,1/2 bushel cartons,MINIATURE,FLAT TYPE,10/29/2016,15,16.0,15,16.0,OHIO,,sml,,Undefined,N
96,PUMPKINS,NEW YORK,1/2 bushel cartons,MINIATURE,FLAT TYPE,10/29/2016,18,18.0,18,18.0,OHIO,,sml,WHITE,Undefined,N
97,PUMPKINS,NEW YORK,1/2 bushel cartons,MINIATURE,FLAT TYPE,11/05/2016,15,16.0,15,16.0,OHIO,,sml,,Undefined,N
98,PUMPKINS,NEW YORK,1/2 bushel cartons,MINIATURE,FLAT TYPE,11/05/2016,18,18.0,18,18.0,OHIO,,sml,WHITE,Undefined,N
99,PUMPKINS,NEW YORK,1 1/9 bushel crates,MINIATURE,,10/08/2016,18,18.0,18,18.0,NEW YORK,WESTERN SECTION,med,,Undefined,N
100,PUMPKINS,NEW YORK,1 1/9 bushel crates,MINIATURE,,10/08/2016,18,18.0,18,18.0,NEW YORK,WESTERN SECTION,sml,,Undefined,N
101,PUMPKINS,NEW YORK,1/2 bushel cartons,MINIATURE,,09/09/2017,24,24.0,24,24.0,OHIO,,sml,WHITE,Undefined,N
102,PUMPKINS,NEW YORK,1/2 bushel cartons,MINIATURE,,09/09/2017,18,18.0,18,18.0,OHIO,,sml,,Undefined,N
103,PUMPKINS,NEW YORK,1/2 bushel cartons,MINIATURE,,09/16/2017,16,20.0,18,18.0,OHIO,,sml,,Undefined,N
104,PUMPKINS,NEW YORK,1/2 bushel cartons,MINIATURE,,09/16/2017,24,24.0,24,24.0,OHIO,,sml,WHITE,Undefined,N
105,PUMPKINS,NEW YORK,1/2 bushel cartons,MINIATURE,,09/23/2017,16,18.0,18,18.0,OHIO,,sml,,Undefined,N
106,PUMPKINS,NEW YORK,1/2 bushel cartons,MINIATURE,,09/30/2017,16,18.0,18,18.0,OHIO,,sml,,Undefined,N
107,PUMPKINS,NEW YORK,bushel cartons,MINIATURE,,09/09/2017,32,32.0,32,32.0,OHIO,,sml,,Undefined,N
108,PUMPKINS,NEW YORK,1 1/9 bushel crates,MINIATURE,ROUND TYPE,10/08/2016,18,18.0,18,18.0,NEW YORK,WESTERN SECTION,med,,Undefined,N
109,PUMPKINS,NEW YORK,1 1/9 bushel crates,MINIATURE,ROUND TYPE,10/08/2016,18,18.0,18,18.0,NEW YORK,WESTERN SECTION,sml,,Undefined,N
110,PUMPKINS,NEW YORK,1 1/9 bushel crates,MINIATURE,ROUND TYPE,10/15/2016,18,18.0,18,18.0,NEW YORK,WESTERN SECTION,med,,Undefined,N
111,PUMPKINS,NEW YORK,1 1/9 bushel crates,MINIATURE,ROUND TYPE,10/15/2016,18,18.0,18,18.0,NEW YORK,WESTERN SECTION,sml,,Undefined,N
0,PUMPKINS,PHILADELPHIA,24 inch bins,HOWDEN TYPE,,09/16/2017,140,150.0,140,150.0,PENNSYLVANIA,,lge,,Undefined,N
1,PUMPKINS,PHILADELPHIA,36 inch bins,HOWDEN TYPE,,09/24/2016,150,150.0,150,150.0,NEW YORK,,med-lge,,Undefined,N
2,PUMPKINS,PHILADELPHIA,36 inch bins,HOWDEN TYPE,,09/24/2016,150,150.0,150,150.0,NEW YORK,,med,,Undefined,N
3,PUMPKINS,PHILADELPHIA,36 inch bins,HOWDEN TYPE,,09/24/2016,150,160.0,150,160.0,PENNSYLVANIA,,lge,,Undefined,N
4,PUMPKINS,PHILADELPHIA,36 inch bins,HOWDEN TYPE,,10/01/2016,140,140.0,140,140.0,NEW JERSEY,,med-lge,,Undefined,N
5,PUMPKINS,PHILADELPHIA,36 inch bins,HOWDEN TYPE,,10/01/2016,140,140.0,140,140.0,PENNSYLVANIA,,med-lge,,Undefined,N
6,PUMPKINS,PHILADELPHIA,36 inch bins,HOWDEN TYPE,,10/01/2016,120,120.0,120,120.0,PENNSYLVANIA,,med,,Undefined,N
7,PUMPKINS,PHILADELPHIA,36 inch bins,HOWDEN TYPE,,10/08/2016,140,155.0,140,155.0,NEW JERSEY,,med,,Undefined,N
8,PUMPKINS,PHILADELPHIA,36 inch bins,HOWDEN TYPE,,10/08/2016,120,120.0,120,120.0,NEW JERSEY,,sml,,Undefined,N
9,PUMPKINS,PHILADELPHIA,36 inch bins,HOWDEN TYPE,,10/15/2016,120,125.0,120,125.0,PENNSYLVANIA,,lge,,Undefined,N
10,PUMPKINS,PHILADELPHIA,36 inch bins,HOWDEN TYPE,,10/15/2016,100,125.0,100,125.0,PENNSYLVANIA,,med,,Undefined,N
11,PUMPKINS,PHILADELPHIA,36 inch bins,HOWDEN TYPE,,10/22/2016,130,140.0,130,140.0,NEW JERSEY,,med-lge,,Undefined,N
12,PUMPKINS,PHILADELPHIA,36 inch bins,HOWDEN TYPE,,10/22/2016,120,120.0,120,120.0,PENNSYLVANIA,,lge,,Undefined,N
13,PUMPKINS,PHILADELPHIA,36 inch bins,HOWDEN TYPE,,10/22/2016,130,140.0,130,140.0,PENNSYLVANIA,,med-lge,,Undefined,N
14,PUMPKINS,PHILADELPHIA,36 inch bins,HOWDEN TYPE,,10/22/2016,100,120.0,100,120.0,PENNSYLVANIA,,med,,Undefined,N
15,PUMPKINS,PHILADELPHIA,36 inch bins,HOWDEN TYPE,,10/29/2016,130,140.0,130,140.0,NEW JERSEY,,med-lge,,Undefined,N
16,PUMPKINS,PHILADELPHIA,36 inch bins,HOWDEN TYPE,,10/29/2016,120,120.0,120,120.0,PENNSYLVANIA,,lge,,Undefined,N
17,PUMPKINS,PHILADELPHIA,36 inch bins,HOWDEN TYPE,,10/29/2016,130,140.0,130,140.0,PENNSYLVANIA,,med-lge,,Undefined,N
18,PUMPKINS,PHILADELPHIA,36 inch bins,HOWDEN TYPE,,10/29/2016,100,120.0,120,120.0,PENNSYLVANIA,,med,,Undefined,N
19,PUMPKINS,PHILADELPHIA,36 inch bins,HOWDEN TYPE,,09/16/2017,120,120.0,120,120.0,PENNSYLVANIA,,lge,,Undefined,N
20,PUMPKINS,PHILADELPHIA,36 inch bins,HOWDEN TYPE,,09/16/2017,120,150.0,120,150.0,PENNSYLVANIA,,med,,Undefined,N
21,PUMPKINS,PHILADELPHIA,36 inch bins,HOWDEN TYPE,,09/23/2017,140,140.0,140,140.0,DELAWARE,,lge,,Undefined,N
22,PUMPKINS,PHILADELPHIA,36 inch bins,HOWDEN TYPE,,09/23/2017,150,150.0,150,150.0,DELAWARE,,med,,Undefined,N
23,PUMPKINS,PHILADELPHIA,36 inch bins,HOWDEN TYPE,,09/23/2017,120,150.0,120,150.0,NEW YORK,,lge,,Undefined,N
24,PUMPKINS,PHILADELPHIA,36 inch bins,HOWDEN TYPE,,09/23/2017,140,150.0,140,150.0,PENNSYLVANIA,,xlge,,Undefined,N
25,PUMPKINS,PHILADELPHIA,36 inch bins,HOWDEN TYPE,,09/23/2017,140,150.0,140,150.0,PENNSYLVANIA,,lge,,Undefined,N
26,PUMPKINS,PHILADELPHIA,36 inch bins,HOWDEN TYPE,,09/30/2017,140,140.0,140,140.0,DELAWARE,,lge,,Undefined,N
27,PUMPKINS,PHILADELPHIA,36 inch bins,HOWDEN TYPE,,09/30/2017,140,140.0,140,140.0,DELAWARE,,med,,Undefined,N
28,PUMPKINS,PHILADELPHIA,1 1/9 bushel cartons,PIE TYPE,,10/15/2016,12,14.0,12,14.0,OHIO,,med,,Undefined,N
29,PUMPKINS,PHILADELPHIA,1 1/9 bushel cartons,PIE TYPE,,10/22/2016,12,12.0,12,12.0,OHIO,,med,,Undefined,N
30,PUMPKINS,PHILADELPHIA,1 1/9 bushel cartons,PIE TYPE,,10/29/2016,12,12.0,12,12.0,OHIO,,med,,Undefined,N
31,PUMPKINS,PHILADELPHIA,1 1/9 bushel cartons,PIE TYPE,,08/26/2017,18,20.0,18,20.0,MICHIGAN,,med,,Undefined,N
32,PUMPKINS,PHILADELPHIA,1 1/9 bushel cartons,PIE TYPE,,09/16/2017,18,18.0,18,18.0,OHIO,,med,,Undefined,N
33,PUMPKINS,PHILADELPHIA,1 1/9 bushel cartons,PIE TYPE,,09/23/2017,18,22.0,18,22.0,OHIO,,med,,Undefined,N
34,PUMPKINS,PHILADELPHIA,24 inch bins,PIE TYPE,,10/01/2016,250,250.0,250,250.0,PENNSYLVANIA,,med,,Undefined,N
35,PUMPKINS,PHILADELPHIA,24 inch bins,PIE TYPE,,10/15/2016,140,140.0,140,140.0,PENNSYLVANIA,,med,,Undefined,N
36,PUMPKINS,PHILADELPHIA,24 inch bins,PIE TYPE,,10/22/2016,140,150.0,140,150.0,PENNSYLVANIA,,med,,Undefined,N
37,PUMPKINS,PHILADELPHIA,24 inch bins,PIE TYPE,,10/22/2016,75,100.0,75,100.0,PENNSYLVANIA,,sml,,Undefined,N
38,PUMPKINS,PHILADELPHIA,24 inch bins,PIE TYPE,,10/29/2016,140,150.0,140,150.0,PENNSYLVANIA,,med,,Undefined,N
39,PUMPKINS,PHILADELPHIA,24 inch bins,PIE TYPE,,10/29/2016,75,100.0,75,100.0,PENNSYLVANIA,,sml,,Undefined,N
40,PUMPKINS,PHILADELPHIA,24 inch bins,PIE TYPE,,09/23/2017,180,180.0,180,180.0,DELAWARE,,med,,Undefined,N
41,PUMPKINS,PHILADELPHIA,24 inch bins,PIE TYPE,,09/23/2017,140,140.0,140,140.0,DELAWARE,,sml,,Undefined,N
42,PUMPKINS,PHILADELPHIA,24 inch bins,PIE TYPE,,09/23/2017,180,180.0,180,180.0,NEW YORK,,med,,Undefined,N
43,PUMPKINS,PHILADELPHIA,24 inch bins,PIE TYPE,,09/30/2017,140,140.0,140,140.0,DELAWARE,,sml,,Undefined,N
44,PUMPKINS,PHILADELPHIA,24 inch bins,KNUCKLE HEAD,,10/08/2016,210,210.0,210,210.0,NEW JERSEY,,med,,Undefined,N
45,PUMPKINS,PHILADELPHIA,1/2 bushel cartons,MINIATURE,FLAT TYPE,09/24/2016,17,18.0,17,18.0,OHIO,,,,SHELLACKED,N
46,PUMPKINS,PHILADELPHIA,1/2 bushel cartons,MINIATURE,FLAT TYPE,10/01/2016,18,18.0,18,18.0,NEW JERSEY,,,,Undefined,N
47,PUMPKINS,PHILADELPHIA,1/2 bushel cartons,MINIATURE,FLAT TYPE,10/01/2016,17,18.0,17,18.0,OHIO,,,,SHELLACKED,N
48,PUMPKINS,PHILADELPHIA,1/2 bushel cartons,MINIATURE,FLAT TYPE,10/08/2016,15,15.0,15,15.0,OHIO,,,,SHELLACKED,N
49,PUMPKINS,PHILADELPHIA,1/2 bushel cartons,MINIATURE,FLAT TYPE,10/15/2016,15,18.0,15,18.0,OHIO,,,,SHELLACKED,N
50,PUMPKINS,PHILADELPHIA,1/2 bushel cartons,MINIATURE,FLAT TYPE,10/22/2016,16,18.0,16,18.0,OHIO,,,,SHELLACKED,N
51,PUMPKINS,PHILADELPHIA,1/2 bushel cartons,MINIATURE,FLAT TYPE,10/29/2016,16,18.0,16,18.0,OHIO,,,,SHELLACKED,N
52,PUMPKINS,PHILADELPHIA,1/2 bushel cartons,MINIATURE,FLAT TYPE,11/05/2016,16,18.0,16,18.0,OHIO,,,,SHELLACKED,N
53,PUMPKINS,PHILADELPHIA,1/2 bushel cartons,MINIATURE,FLAT TYPE,08/26/2017,18,20.0,18,20.0,MICHIGAN,,,,SHELLACKED,N
54,PUMPKINS,PHILADELPHIA,1/2 bushel cartons,MINIATURE,FLAT TYPE,09/16/2017,16,16.0,16,16.0,OHIO,,,,SHELLACKED,N
55,PUMPKINS,PHILADELPHIA,1/2 bushel cartons,MINIATURE,FLAT TYPE,09/23/2017,15,16.0,15,16.0,OHIO,,,,SHELLACKED,N
56,PUMPKINS,PHILADELPHIA,1/2 bushel cartons,MINIATURE,FLAT TYPE,09/30/2017,15,18.0,15,18.0,OHIO,,,,SHELLACKED,N
